id,domain,status,purchase_price,renewal_price,attractiveness,demand,length,registrar,created_at,expires_at,status_verified_at
feacb013-c5c7-44a5-b1c1-a81664e8e7b9,den.tube,premium,650,26,high,low,3,namecheap,,,24/09/2026 21:50
e90771c2-d677-46dc-bda9-bfbb55f9639d,incidence.tube,available,23.99,23.99,high,low,9,namesilo,,,
12a68c10-0fdd-48a5-8e98-61b7beae60d8,berceuse.tube,premium,23.6,23.6,high,low,8,namesilo,,,23/09/2026 09:10
48db8cdb-6d6f-4ec3-b14b-baf9decc6020,feisty.tube,premium,23.6,23.6,high,low,6,namesilo,,,18/08/2026 00:45
6efcc458-bcaa-4ac5-ba44-b570d99d7d6a,sleepless.tube,premium,23.6,23.6,medium,low,9,namesilo,,,22/08/2026 07:24
1cde4726-26b3-469f-88c2-fe95870dada9,segregated.tube,premium,23.6,23.6,medium,low,10,namesilo,,,10/09/2026 01:51
120d0d4f-4e37-40ce-8dbc-7e9848a4903e,uric.tube,premium,23.6,23.6,medium,low,4,namesilo,,,12/09/2026 23:37
c846a5b0-e599-41d3-ae25-614d82b47f6a,anatomy.tube,premium,2600,26,high,low,7,namecheap,,,27/09/2026 06:58
8e04795a-411f-4d5a-bec2-e34b8e55a09c,rounded.tube,premium,23.6,23.6,high,low,7,namesilo,,,19/09/2026 15:40
9d4b7c18-a42f-46ff-9599-bfd48fc12043,fork.tube,premium,650,26,high,low,4,namecheap,,,23/09/2026 02:18
ecd2ff91-f79c-4c9d-8dee-e8af91795531,physic.tube,premium,23.6,23.6,high,low,6,namesilo,,,05/08/2026 22:25
39d2d9fb-d6d9-4c37-af74-c3ac77e517af,bellbottom.tube,premium,23.6,23.6,low,low,10,namesilo,,,09/08/2026 13:21
90d84501-fece-4c62-a09e-0564013d44a5,authorized.tube,premium,23.6,23.6,high,low,10,namesilo,,,22/09/2026 13:48
10b563f1-74e1-41b6-aa31-c1e915c71c1f,summarizing.tube,premium,23.6,23.6,medium,low,11,namesilo,,,17/09/2026 10:36
8836b6ae-6a3d-4fa6-9477-9c66a1f032f7,unfocused.tube,premium,23.6,23.6,medium,low,9,namesilo,,,12/09/2026 10:32
542c95f4-a5d9-4083-b269-d25c303ab2e1,locomotor.tube,premium,23.6,23.6,high,low,9,namesilo,,,24/08/2026 08:50
23d06d5f-a354-4ade-bf58-572e28f38aa3,newspapers.tube,available,25.98,33.98,medium,low,10,namecheap,,,27/09/2026 02:48
084156fb-83e0-423f-ad2d-3344533a27d0,ambrosial.tube,premium,23.6,23.6,medium,low,9,namesilo,,,
2c29436a-b4a1-472c-9469-dcb6902b7fb6,aegean.tube,premium,23.6,23.6,high,low,6,namesilo,,,
141018b9-7b31-4e03-932e-b57e39ed4299,confirming.tube,premium,23.6,23.6,high,low,10,namesilo,,,23/09/2026 19:45
e795a176-9461-4ae4-ab0a-dfe002bf45f5,bark.tube,premium,23.6,23.6,high,low,4,namesilo,,,22/09/2026 06:15
59e6d45e-a7fd-44cd-9459-c696581dd7fd,unerasable.tube,premium,23.6,23.6,medium,low,10,namesilo,,,22/08/2026 02:39
302e39e9-1290-4d37-afc2-9f6b338c48b3,bituminous.tube,premium,23.6,23.6,high,low,10,namesilo,,,10/08/2026 08:53
f6d1f8cd-afd6-46af-ba61-c347b4af409d,remembering.tube,available,23.99,23.99,high,low,11,namesilo,,,
84df4d9f-1210-448f-8919-4c1ae8b2e40f,eloquent.tube,premium,23.6,23.6,high,low,8,namesilo,,,16/08/2026 06:14
bba01cdd-02ff-4331-b494-f2d855d2fd4a,fiedler.tube,premium,23.6,23.6,high,low,7,namesilo,,,20/09/2026 10:50
19246f95-2b5b-4675-85ea-4a5ebc29b048,platonic.tube,available,25.98,33.98,high,low,8,namecheap,,,08/09/2026 20:53
5a28c9dc-bb40-4380-b036-057eafd1c9fe,drapes.tube,available,25.98,33.98,high,low,6,namecheap,,,17/09/2026 07:49
cb087bb6-0fae-45c2-9427-9416cc67076d,constructive.tube,available,33.98,,high,low,12,namecheap,,,
e3037cf4-01e5-4088-98da-8513f2c6cf61,rental.tube,premium,130,26,high,low,6,namecheap,,,09/09/2026 14:17
ec1c68c3-0d02-4047-9e8b-3e586c80534e,tautog.tube,premium,23.6,23.6,medium,low,6,namesilo,,,24/09/2026 02:17
114efea3-90d9-4361-b911-53020f69f367,fasten.tube,available,23.99,23.99,high,low,6,namesilo,,,
ddffcec2-5e8b-4880-85bf-f3c59a12a150,chekhov.tube,premium,23.6,23.6,medium,low,7,namesilo,,,19/09/2026 15:27
1f30a4ea-3858-4f5d-b293-8512b0a644db,fee.tube,premium,468.75,,high,low,3,name.com,,,
384dddeb-4fd9-46d2-9bc3-74a8c822246e,verb.tube,available,23.99,23.99,high,low,4,namesilo,,,
c6851051-04af-43f7-9e83-31f6a0a4716c,arbiter.tube,premium,23.6,23.6,high,low,7,namesilo,,,20/09/2026 00:41
cf2928c3-6262-4b11-a2ef-c882b741e160,atonia.tube,premium,23.6,23.6,medium,low,6,namesilo,,,19/09/2026 00:37
3c0bcfd5-224a-4e5d-bc23-5bea8927af30,murray.tube,premium,23.6,23.6,high,low,6,namesilo,,,25/09/2026 22:54
37b80e4e-87cd-42be-9300-453cfb35ecce,sonora.tube,premium,23.6,23.6,high,low,6,namesilo,,,27/09/2026 04:12
83d8dd3e-23cb-4809-981b-bedd9078c7fc,anuran.tube,premium,23.6,23.6,medium,low,6,namesilo,,,05/08/2026 20:48
12d07225-9068-4d43-901e-9d142d754a80,gainful.tube,premium,23.6,23.6,high,low,7,namesilo,,,18/08/2026 19:30
b401762f-f213-449c-8332-4f91cb521f55,wool.tube,premium,125,,high,low,4,name.com,,,
d2d2843b-43e4-4c8f-b449-86717e2866dc,middlesex.tube,premium,23.6,23.6,medium,low,9,namesilo,,,25/09/2026 13:32
e89314b0-6dc4-4690-93a5-5e29d916aea8,boom.tube,available,,,high,medium,4,,,,
b76bdf85-3fc1-407d-a216-82b6d3e05ddd,loneliness.tube,premium,23.6,23.6,high,low,10,namesilo,,,18/09/2026 13:13
95d600b7-0442-452f-8365-d233352abe55,synoecious.tube,premium,23.6,23.6,medium,low,10,namesilo,,,11/09/2026 06:29
7997ff6b-fe40-4196-8e02-2b1b7414bc40,phelps.tube,available,25.98,33.98,high,low,6,namecheap,,,25/09/2026 18:39
ca3cd14f-25e3-44dd-a357-b064bfdd524c,los.tube,premium,62.5,,high,low,3,name.com,,,
d518ec74-b388-45db-a188-c8ce2e5846fb,absently.tube,premium,23.6,23.6,medium,low,8,namesilo,,,13/09/2026 16:41
470ce138-2866-4a15-b9f0-b109b01d264a,barnes.tube,available,25.98,33.98,high,low,6,namecheap,,,25/09/2026 21:08
d013e9a1-e79d-456e-b0c2-1f278e06eb97,sinewy.tube,premium,23.6,23.6,medium,low,6,namesilo,,,11/08/2026 02:52
d5329946-5dd5-4359-bffe-a2b7bf6dbce4,choices.tube,premium,23.6,23.6,high,low,7,namesilo,,,17/09/2026 06:36
3cf60759-5095-4e67-bae6-044bb1cb7c29,lavoisier.tube,premium,23.6,23.6,medium,low,9,namesilo,,,19/09/2026 15:25
1a694866-15f0-4414-8b55-b78d17ff6a50,mirror.tube,available,33.98,,high,low,6,namecheap,,,
8ae4fb96-75b3-4fa0-bae4-82f3084e0a0c,sterilized.tube,available,25.98,33.98,medium,low,10,namecheap,,,10/09/2026 20:11
35080a8f-9d8e-4a6b-9496-c5c28dcaf6fe,peopled.tube,premium,23.6,23.6,medium,low,7,namesilo,,,08/09/2026 15:32
f20a8ea0-031a-4771-a664-fce05f6bc3dd,comes.tube,premium,23.6,23.6,high,low,5,namesilo,,,17/09/2026 22:46
acc870e8-66a9-47bf-9c97-7bfe0c7805b6,walt.tube,premium,23.6,23.6,high,low,4,namesilo,,,25/09/2026 12:09
43cd87b0-246f-4e54-a9d7-ef9a12069e76,forgetting.tube,available,23.99,23.99,high,low,10,namesilo,,,
37da814a-36a8-4086-bcbe-ebb4f2a9507a,paleozoic.tube,premium,23.6,23.6,medium,low,9,namesilo,,,04/09/2026 23:39
f6b7e4ef-91dc-4804-bafb-658b59544a70,tendered.tube,available,25.98,33.98,medium,low,8,namecheap,,,20/09/2026 16:36
b8587df6-123d-4ba1-8764-61cd170deea0,abrasion.tube,available,25.98,33.98,high,low,8,namecheap,,,16/09/2026 16:56
4a72d2cc-59b4-4665-84ea-982d7d8d505e,summary.tube,premium,130,26,high,low,7,namecheap,,,23/09/2026 17:08
c0eb68fb-8512-4933-97ba-24d4f38c9c72,balancing.tube,available,25.98,33.98,high,low,9,namecheap,,,21/09/2026 20:56
9960d59b-8f52-4547-8338-58e0d8935d9a,sugary.tube,premium,23.6,23.6,high,low,6,namesilo,,,19/09/2026 16:54
7307a643-031c-4df8-bedf-5c73132bd645,unattached.tube,premium,23.6,23.6,high,low,10,namesilo,,,18/08/2026 14:48
6b171fd4-bd8b-4fe2-a157-3f6a41517101,primo.tube,premium,260,26,high,low,5,namecheap,,,09/09/2026 02:07
0de595c5-9922-44fa-8466-d57503b6c7c3,sixthly.tube,premium,23.6,23.6,medium,low,7,namesilo,,,16/09/2026 02:03
87300f3e-0e07-437f-aaf7-3ec7d5f3d971,chronicle.tube,premium,23.6,23.6,high,low,9,namesilo,,,16/09/2026 23:05
1b1ad264-d3b7-48c8-811d-442c090fefc5,ipsus.tube,premium,23.6,23.6,medium,low,5,namesilo,,,22/09/2026 15:09
1770de0a-b458-4b5c-b572-bf3477d06a5e,contorted.tube,premium,23.6,23.6,medium,low,9,namesilo,,,12/08/2026 23:22
b72a68a4-fc5d-4c27-8e3a-1d2d38e48c01,distinguished.tube,available,23.99,23.99,high,low,13,namesilo,,,
5554107d-7c93-4fe6-8a2b-3189b52f659f,prodromic.tube,premium,23.6,23.6,medium,low,9,namesilo,,,09/09/2026 02:46
9b19d3d0-661d-4425-83db-cb7590e821b3,artfulness.tube,premium,23.6,23.6,high,low,10,namesilo,,,20/09/2026 10:34
8862bd7b-621b-4fb5-960e-2484c5fd053c,vagrant.tube,available,25.98,33.98,high,low,7,namecheap,,,14/08/2026 19:18
c7102d2a-85af-400a-9458-c19c4d953603,aigret.tube,available,25.98,33.98,medium,low,6,namecheap,,,17/09/2026 20:56
04479cdb-57f2-4913-9a19-d493df83f69a,fatso.tube,premium,23.6,23.6,medium,low,5,namesilo,,,17/08/2026 23:54
855900bf-2941-4e53-b96d-c1501e060475,amputation.tube,premium,23.6,23.6,high,low,10,namesilo,,,18/09/2026 23:52
989bac5a-8848-41f3-92fe-496d1dcb1f87,underside.tube,available,25.98,33.98,high,low,9,namecheap,,,10/08/2026 21:15
5f5aa7c0-cdaa-44af-9ef2-420baa121eaa,attested.tube,premium,23.6,23.6,medium,low,8,namesilo,,,07/08/2026 15:41
59f0a947-1535-4f0c-a9a3-d7a77a1c6628,deaths.tube,available,25.98,33.98,medium,low,6,namecheap,,,19/09/2026 19:12
110feb19-6270-4842-9b5f-d0e9a25e6476,telepathic.tube,premium,23.6,23.6,high,low,10,namesilo,,,11/09/2026 10:18
2ff3d87a-c386-463b-b7f0-2d56b64c74eb,cursorial.tube,premium,23.6,23.6,medium,low,9,namesilo,,,13/08/2026 11:40
65002230-2c00-4cf2-bb80-cbdd271b4c66,illuminate.tube,premium,23.6,23.6,high,low,10,namesilo,,,23/08/2026 02:47
e0cd0142-219f-4659-9dae-a9e2e26c23b3,sixfold.tube,premium,23.6,23.6,medium,low,7,namesilo,,,10/09/2026 05:21
486840b4-db13-4807-aeba-8a42e8741acb,combative.tube,available,25.98,33.98,high,low,9,namecheap,,,
cd9eb3db-d442-416d-be9c-672f5b63908a,beria.tube,premium,23.6,23.6,medium,low,5,namesilo,,,23/09/2026 09:22
2aea26f4-1589-4a66-adb0-21ca9d8c569f,goddam.tube,premium,23.6,23.6,medium,low,6,namesilo,,,10/08/2026 12:44
e3208f49-fe76-4155-849f-81b352b45996,leopold.tube,available,25.98,33.98,medium,low,7,namecheap,,,25/09/2026 15:14
f9f9ab30-1816-40bf-85c1-4b13c2169c8c,realistic.tube,premium,650,26,high,low,9,namecheap,,,03/09/2026 13:57
b965a730-ef0b-4b2f-ba01-c4e9ed87b12b,afters.tube,premium,23.6,23.6,high,low,6,namesilo,,,17/09/2026 15:48
b708ab88-791a-496b-b239-10618a035b4d,hepatic.tube,premium,23.6,23.6,medium,low,7,namesilo,,,21/08/2026 06:47
202c6fa4-8d12-4ee4-813b-266f177f76fe,rhodium.tube,premium,23.6,23.6,high,low,7,namesilo,,,20/09/2026 23:08
908fc414-d6c7-4d72-a1d0-8766668ecb8e,gunner.tube,premium,23.6,23.6,high,low,6,namesilo,,,20/09/2026 11:48
5b3f7cf8-01cb-41ad-b2f4-44d89b7063e4,crank.tube,premium,23.6,23.6,high,low,5,namesilo,,,13/08/2026 04:51
887998e7-d981-44d0-842f-dd7b3862b0c5,alumina.tube,premium,23.6,23.6,medium,low,7,namesilo,,,18/09/2026 15:12
56b8af0b-a13c-40b3-af09-167c6e081c48,actin.tube,available,25.98,33.98,medium,low,5,namecheap,,,17/09/2026 04:37
ebcd118a-3442-47f4-bfec-91a03753043e,horrid.tube,premium,23.6,23.6,medium,low,6,namesilo,,,21/08/2026 08:14
bba273a3-d243-4abd-a4a6-8c217f35d64c,envious.tube,premium,23.6,23.6,medium,low,7,namesilo,,,24/09/2026 01:02
b6bfa373-c8f4-4c0b-8e8f-93d63d9d578a,creditably.tube,premium,23.6,23.6,medium,low,10,namesilo,,,14/09/2026 09:30
dc586809-12a5-4ddb-abb9-e7657d27a84b,shakedown.tube,premium,23.6,23.6,medium,low,9,namesilo,,,10/09/2026 05:40
4410967b-8b10-4343-b192-b3c2e16dbc67,aphonic.tube,premium,23.6,23.6,medium,low,7,namesilo,,,05/08/2026 23:17
2a25dcce-8d18-4f25-bde8-00d3c8849dbc,barrier.tube,available,23.99,23.99,medium,low,7,namesilo,,,
6fa6404e-ab9b-4cec-8fdf-4710453ae2a2,footle.tube,premium,23.6,23.6,medium,low,6,namesilo,,,11/09/2026 08:27
c8b9c1f6-b58e-471a-bc2e-e0f0ad038323,malian.tube,premium,23.6,23.6,high,low,6,namesilo,,,24/08/2026 14:00
0c9d9b6e-87b8-45fc-af3d-092d427bae35,irksome.tube,available,25.98,33.98,medium,low,7,namecheap,,,10/08/2026 20:01
276c2ba7-4eca-4e42-8632-f849f5b0344d,pungent.tube,available,25.98,33.98,high,low,7,namecheap,,,
4ec8de5e-cc90-4fad-99fc-c50ce8d89315,bordello.tube,premium,260,26,medium,low,8,namecheap,,,21/09/2026 18:17
b6af590f-bed6-40b2-a2ce-0fd905e8f32b,assure.tube,available,23.99,23.99,high,low,6,namesilo,,,
a8613bda-f0c8-4874-8707-99f5352956c3,alexanders.tube,available,25.98,33.98,high,low,10,namecheap,,,18/09/2026 05:47
741d82c6-92fd-460d-91d3-5052d1a54d97,biopsy.tube,available,25.98,33.98,high,low,6,namecheap,,,23/09/2026 18:55
c3245ea3-6b2c-4cab-9ada-0229c022bbb0,annotating.tube,premium,23.6,23.6,high,low,10,namesilo,,,19/09/2026 10:41
eecd6176-0499-47a5-b8c9-ebd10c37b99e,supporting.tube,available,23.99,23.99,high,low,10,namesilo,,,
ea22bad3-2b4f-4285-830f-50732b1aeac6,fascinated.tube,premium,23.6,23.6,high,low,10,namesilo,,,24/09/2026 17:12
f7db8072-8e61-47fe-a862-c9b9eac243aa,nonfinite.tube,available,25.98,33.98,medium,low,10,namecheap,,,03/09/2026 18:26
85f1a759-e357-43e5-a276-62cabf23e16e,discovered.tube,premium,23.6,23.6,high,low,10,namesilo,,,22/09/2026 09:21
373426f2-fa9a-4c6d-bf2f-eff74d3c5c3f,raffish.tube,available,34.99,34.99,medium,low,7,name.com,,,13/08/2026 17:31
55c5f633-aa15-474e-af29-0a04ff1db6ef,whatsoever.tube,premium,23.6,23.6,medium,low,10,namesilo,,,22/09/2026 06:59
d8ba5d0b-e455-4b54-9aa6-b91ecc029cfd,giver.tube,available,34.99,34.99,high,low,5,name.com,,,23/09/2026 10:44
6cdb9631-a81c-4abc-9f3f-52206d327bcd,radium.tube,available,25.98,33.98,high,low,6,namecheap,,,20/09/2026 23:59
69055ecb-395e-41ab-93d1-6fba44816e67,grandfather.tube,available,23.99,23.99,high,low,11,namesilo,,,
f4c689d6-1c82-46d6-b6a8-b9483865ada4,weathered.tube,premium,23.6,23.6,high,low,9,namesilo,,,13/09/2026 09:21
34b62bc5-c17c-412b-b3e4-43b18d4aced6,estimators.tube,premium,23.6,23.6,medium,low,10,namesilo,,,20/09/2026 23:34
e3f115c2-576d-4ef5-8ff8-3c32b1b1ce60,pestilent.tube,premium,23.6,23.6,medium,low,9,namesilo,,,08/08/2026 12:06
40564828-82e3-4b55-a305-b3df840796c6,aquanaut.tube,premium,23.6,23.6,medium,low,8,namesilo,,,19/09/2026 22:57
2033f4c3-2663-4c65-a449-4626414a6365,needs.tube,available,23.99,23.99,high,low,5,namesilo,,,
17b20f38-49dc-4847-bdb8-6dc348986492,norwich.tube,premium,23.6,23.6,high,low,7,namesilo,,,25/09/2026 14:43
14a1bff1-1837-4d13-97ba-32b9abab6aa6,registration.tube,available,23.99,23.99,high,low,12,namesilo,,,
1e1c0a0c-f37a-421f-a5df-4937fe419698,inhibit.tube,available,23.99,23.99,high,low,7,namesilo,,,
c4390b82-ed8a-4fed-ac34-1e569abcca73,tribute.tube,available,23.99,23.99,high,low,7,namesilo,,,
8b9342c6-de6d-4338-9aaf-aebf7589d345,consoling.tube,premium,23.6,23.6,high,low,9,namesilo,,,12/08/2026 22:42
bd2d4ca9-f67d-471a-9ad5-dbd03a3e6ae7,seraphic.tube,premium,23.6,23.6,high,low,8,namesilo,,,12/08/2026 04:26
b0265e97-0f9a-48f7-be2d-545e04ded9bf,josh.tube,premium,625,34.99,high,medium,4,name.com,,,22/08/2026 13:51
a322e530-2d81-471e-9ce4-397aed5b2fc7,unknowable.tube,premium,23.6,23.6,medium,low,10,namesilo,,,12/09/2026 14:17
bdc7acd8-a530-4589-87e7-4664029d5cdc,rubberise.tube,available,25.98,33.98,high,medium,9,namecheap,,,09/09/2026 19:14
3e1235d4-0bf9-46f4-aec1-27f9eb8223eb,atrial.tube,premium,23.6,23.6,low,low,6,namesilo,,,07/08/2026 14:24
e23a23c0-e2d9-4a2a-8804-ba8966afce30,baltic.tube,premium,23.6,23.6,high,low,6,namesilo,,,08/08/2026 10:41
8e6eca9f-3b4b-46c9-a5f9-21b50f0a5b42,pamela.tube,premium,62.5,,high,low,6,name.com,,,
55042966-58a2-46f2-9387-08769fe019cb,autarky.tube,premium,23.6,23.6,medium,low,7,namesilo,,,21/09/2026 05:04
7f89a979-a7ca-4d59-ac31-b7f77c7bfa8b,race.tube,premium,125,,high,low,4,name.com,,,
a53a949d-fb6f-490d-b13a-d6a4e71f91e4,modeler.tube,available,33.98,,high,low,7,namecheap,,,
c68eecb2-f4a1-401f-9129-ffd4e044dda9,incumbent.tube,premium,23.6,23.6,high,low,9,namesilo,,,22/08/2026 02:03
aace90ee-813b-4655-a40f-719b8e62242b,tocsin.tube,premium,23.6,23.6,medium,low,6,namesilo,,,18/09/2026 01:57
cb84e804-7e3a-4601-8de1-672adb724ee3,justified.tube,premium,23.6,23.6,high,low,9,namesilo,,,25/09/2026 12:26
e801b269-db37-442f-afb8-7554ba72ee61,rotary.tube,premium,2600,26,high,low,6,namecheap,,,04/09/2026 17:37
c3ce272b-7042-4c07-9d46-b1a9fa68b379,fluid.tube,premium,625,34.99,high,low,5,name.com,,,18/08/2026 09:14
f80b3749-751e-46c3-a2d1-b41b3995e095,binger.tube,premium,23.6,23.6,medium,low,6,namesilo,,,23/09/2026 17:33
30f4f569-42dc-44a5-8ef7-9389696fead9,travelling.tube,premium,125,,high,low,10,name.com,,,
f64071ee-7a09-4cee-8e1f-f023c3295365,devilish.tube,premium,23.6,23.6,medium,low,8,namesilo,,,14/08/2026 05:06
1936631b-0c64-4ca1-a820-39aa2822bad0,songbird.tube,available,23.99,23.99,high,low,8,namesilo,,,
d077818d-f233-451c-89dd-0c4e1d1739d1,molten.tube,premium,23.6,23.6,high,low,6,namesilo,,,25/08/2026 03:57
0e360f68-a8df-41bb-9e82-8c48fa2a2a51,bullheaded.tube,premium,23.6,23.6,medium,low,10,namesilo,,,11/08/2026 08:30
a220ab91-e1de-4e33-87f2-282ef2537797,items.tube,premium,23.6,23.6,medium,low,5,namesilo,,,23/09/2026 02:55
c3f9c46b-b5dc-46a3-af57-44c2929f65d8,amenable.tube,premium,23.6,23.6,high,low,8,namesilo,,,22/09/2026 04:02
bbae181c-78ec-4122-bb5c-f4ef672162c7,unfailing.tube,premium,23.6,23.6,high,low,9,namesilo,,,18/08/2026 10:39
9ae22f98-0a4c-4e37-a257-cb1d1b7af810,zithromax.tube,premium,23.6,23.6,medium,low,9,namesilo,,,21/09/2026 11:16
0456029f-e6fd-4781-a25f-ae85a5027c2a,auntie.tube,premium,23.6,23.6,high,low,6,namesilo,,,21/09/2026 04:11
a458c07a-c2e3-4236-a44e-b363197e1f59,nation.tube,available,33.98,,high,low,6,namecheap,,,
172c2cc8-3d0f-481d-97a8-59a4f70bdb1d,tuneful.tube,premium,23.6,23.6,high,low,7,namesilo,,,24/08/2026 19:43
0872641f-ae4a-4c7d-b230-4cf1bddf6089,persistent.tube,premium,23.6,23.6,high,low,10,namesilo,,,14/08/2026 14:58
1168baf8-4c1b-4820-a706-ba6cef70901e,gaza.tube,premium,23.6,23.6,high,low,4,namesilo,,,25/09/2026 06:23
3eadd53f-c3a8-4b5f-920a-5ee5574862cf,yards.tube,premium,23.6,23.6,high,low,5,namesilo,,,25/09/2026 05:56
948a59cc-6dfe-455a-bf22-b32e5a6bf39e,grandmothers.tube,available,25.98,33.98,medium,low,12,namecheap,,,20/09/2026 18:06
11c6522f-d01e-440f-b563-abea068834a3,maternal.tube,premium,2600,26,high,low,8,namecheap,,,25/09/2026 18:01
92f80b55-c0f9-4234-8a56-ee68dc620870,augur.tube,available,25.98,33.98,high,low,5,namecheap,,,21/09/2026 03:21
447eaad1-4c50-470a-96b5-4674df082b5c,unhurried.tube,premium,23.6,23.6,high,low,9,namesilo,,,12/09/2026 12:39
146c1f68-86e4-464a-b390-c09e69627ec8,acquired.tube,premium,23.6,23.6,high,low,8,namesilo,,,
425c30dc-5189-441d-8280-db7da066d9fc,uninsured.tube,premium,23.6,23.6,medium,low,9,namesilo,,,12/09/2026 13:28
84c27b76-4a26-4614-a384-0f4f31a9365b,fearless.tube,premium,23.6,23.6,high,low,8,namesilo,,,22/09/2026 12:19
2e248cbb-7dd7-437b-956a-68cff2e69a7a,crotchety.tube,premium,23.6,23.6,medium,low,9,namesilo,,,13/08/2026 08:25
281c0871-d286-4ac0-a8ed-f352d1db18c5,tiresome.tube,available,25.98,33.98,medium,low,8,namecheap,,,10/08/2026 20:03
44ff4a97-0a93-4e1f-9ad6-7db9560fbcc6,draconian.tube,available,25.98,33.98,medium,low,9,namecheap,,,14/08/2026 18:10
4df23e76-dc68-4418-81b1-7056358bfc69,underage.tube,premium,23.6,23.6,medium,low,8,namesilo,,,03/09/2026 18:43
68a21834-aa9d-4d00-9e51-c65efec86654,renewable.tube,premium,23.6,23.6,high,low,9,namesilo,,,09/09/2026 14:03
bb0db63b-d25b-40be-b541-f9125bb814b1,cyclical.tube,available,34.99,34.99,high,low,8,name.com,,,13/08/2026 13:34
d818968a-14f4-4b1b-b86e-31783a55dafe,esfahan.tube,available,25.98,33.98,medium,low,7,namecheap,,,20/09/2026 14:33
349b6962-c58d-476b-9767-a71d41df4e4a,assertion.tube,available,25.98,33.98,high,low,9,namecheap,,,20/09/2026 16:14
35825a2e-6366-44a6-98df-68c397f6d1ed,crackers.tube,premium,23.6,23.6,medium,low,8,namesilo,,,06/08/2026 20:45
9b231d73-498d-4d6b-8ce6-605f4b1dc98c,multiflora.tube,premium,23.6,23.6,high,low,10,namesilo,,,21/09/2026 13:38
b620e2b2-c238-48b4-b70e-f894ef5938e4,xenon.tube,premium,23.6,23.6,high,low,5,namesilo,,,20/09/2026 23:13
b77f879e-6d3a-40aa-ad0d-ca6f300e7d60,armorial.tube,premium,23.6,23.6,medium,low,8,namesilo,,,06/08/2026 20:15
ddc0743a-658f-426d-b598-952e68aeb30d,anopia.tube,premium,23.6,23.6,medium,low,6,namesilo,,,19/09/2026 11:39
bfca0db9-672a-42c2-a6dc-32b6b0029217,serenity.tube,available,25.98,33.98,high,low,8,namecheap,,,20/09/2026 19:39
05353ff6-0448-44b7-91da-796ac69c1c58,unsolved.tube,available,25.98,33.98,medium,low,8,namecheap,,,12/09/2026 18:23
29d94557-35f8-49cd-bebd-5a805d023554,bedamn.tube,available,34.99,34.99,medium,low,6,name.com,,,13/08/2026 16:21
e7eb85ad-d0a1-47f8-b5a3-65dbd97f580a,brighton.tube,premium,1300,26,high,low,8,namecheap,,,24/09/2026 10:19
0b08c5b8-060e-45ae-bb8e-5b5fe9950897,leiden.tube,premium,23.6,23.6,high,low,6,namesilo,,,25/09/2026 23:25
b08f4462-c143-47b8-81cf-345834d94813,angina.tube,available,25.98,33.98,medium,low,6,namecheap,,,19/09/2026 06:08
103a3dff-c690-426c-8238-a5705f91a191,suffering.tube,premium,125,34.99,high,low,9,name.com,,,25/08/2026 01:27
32d04329-0fd1-4050-9ae3-20b27f125bad,briefs.tube,available,33.98,,high,low,6,namecheap,,,
efd1cc40-9d69-43c4-a106-656083230e2b,revery.tube,available,25.98,33.98,high,low,6,namecheap,,,17/09/2026 21:59
f69641b6-6857-4dea-9907-852ef3b9110b,zaftig.tube,premium,23.6,23.6,medium,low,6,namesilo,,,13/09/2026 14:56
806d21f0-d514-4512-86ab-dc86e01df691,barque.tube,premium,23.6,23.6,high,low,6,namesilo,,,22/09/2026 07:48
e1102d0f-4e9f-49e9-937c-2d8462132736,mauve.tube,premium,23.6,23.6,high,low,5,namesilo,,,24/08/2026 17:37
6d1cd394-6032-40c6-9758-5b667701a96e,cambodian.tube,premium,625,34.99,high,low,9,name.com,,,11/08/2026 15:40
af009e81-8df6-4979-a5ac-4f1d494e3491,hover.tube,available,23.99,23.99,high,low,5,namesilo,,,
3d56fbe3-3359-4b9a-bb2c-4dbb76060d1a,anecdotal.tube,premium,23.6,23.6,high,low,9,namesilo,,,
fa0d6c22-a737-4c73-b463-45777267189d,animus.tube,premium,23.6,23.6,medium,low,6,namesilo,,,19/09/2026 09:22
651c5427-8635-4664-bd98-8a16233a518d,dependence.tube,premium,23.6,23.6,medium,low,10,namesilo,,,17/09/2026 06:54
7fd6219e-5b42-4862-9ec2-4414c6e68b2a,shush.tube,available,23.99,23.99,medium,low,5,namesilo,,,
ad9fe000-2426-45bd-aa61-bac631208171,kuwaiti.tube,premium,23.6,23.6,high,low,7,namesilo,,,22/08/2026 17:05
35abee92-7957-4876-b26c-f76f94fa70bc,similar.tube,premium,23.6,23.6,high,low,7,namesilo,,,
c2a8a3d7-9771-45b8-af62-ca9f2ad3fc60,abbess.tube,premium,23.6,23.6,medium,low,6,namesilo,,,16/09/2026 14:23
1068b674-faa9-4f59-a91d-3e9ac5b840bb,aperture.tube,available,25.98,33.98,high,low,8,namecheap,,,19/09/2026 16:35
3473ae72-8137-493c-884d-93eb986099e9,comically.tube,premium,23.6,23.6,medium,low,9,namesilo,,,14/09/2026 07:31
9e05eb01-164e-47bf-973f-b1348566c3fe,billabong.tube,premium,23.6,23.6,high,medium,9,namesilo,,,23/09/2026 16:06
12c41f2f-3689-435f-8047-5107db45643c,sought.tube,premium,23.6,23.6,high,low,6,namesilo,,,10/09/2026 14:41
b56cc712-ecc2-4b4c-99f7-5038111610c3,judd.tube,available,25.98,33.98,medium,low,4,namecheap,,,27/09/2026 07:52
a2aeb1fc-dc09-41f4-b0e7-97f0ef57a861,starry.tube,available,25.98,33.98,high,low,6,namecheap,,,10/09/2026 18:58
0e916073-7242-45da-87be-97f9da8ca372,excision.tube,available,25.98,33.98,medium,low,8,namecheap,,,16/09/2026 16:06
51abfc78-420d-48cd-aa40-a3a9932701e1,forced.tube,available,25.98,33.98,high,low,6,namecheap,,,23/09/2026 21:10
9f4d8821-fe24-45a5-861e-c08a819cc073,munificent.tube,available,25.98,33.98,high,low,10,namecheap,,,22/08/2026 21:09
4742ef6f-a41b-4fe4-ab3a-2cc531ffed87,stemmed.tube,premium,23.6,23.6,high,low,7,namesilo,,,11/08/2026 22:33
dab5ccc2-6038-47bb-9f12-d5d21cf96efb,tell.tube,premium,125,,high,low,4,name.com,,,
e7aea7e0-cb54-446b-9b9c-34e1ab769f04,subversive.tube,premium,23.6,23.6,high,low,10,namesilo,,,22/08/2026 07:46
da433801-2d0a-459e-b041-6319f7036e17,quits.tube,available,25.98,33.98,high,low,5,namecheap,,,09/09/2026 09:02
a353db09-ebe5-44fb-b9eb-69af7b0b37e2,lukewarm.tube,premium,23.6,23.6,medium,low,8,namesilo,,,20/08/2026 22:43
7c33e76b-1a91-4a7a-887f-a2d064fd6778,adverse.tube,premium,23.6,23.6,high,low,7,namesilo,,,
4dc62c04-fd2e-4643-b1c6-c2e8b41880e4,apocrypha.tube,available,25.98,33.98,medium,low,9,namecheap,,,19/09/2026 18:13
91c8bff0-7c9d-476b-b749-fe18a48d99ee,shelter.tube,available,23.99,23.99,high,low,7,namesilo,,,
f3bc1e08-2c39-479c-bc48-28b362599c22,teutonic.tube,premium,23.6,23.6,medium,low,8,namesilo,,,11/09/2026 12:13
5d0f2069-a571-42cc-9eff-fa6d169d370c,hexangular.tube,premium,23.6,23.6,medium,low,10,namesilo,,,21/08/2026 07:48
57005354-75ef-4e83-aafc-64fe01ad2c97,tetragon.tube,premium,23.6,23.6,medium,low,8,namesilo,,,09/09/2026 07:24
7a7c15af-edad-4101-a62e-70eb9f9f172b,subalpine.tube,premium,23.6,23.6,medium,low,9,namesilo,,,
4d4df034-cb94-409b-b8e4-eab626b7966f,bucolic.tube,premium,23.6,23.6,high,low,7,namesilo,,,06/08/2026 14:14
63c005ea-c871-4285-9327-4c5c268ae18f,annelidan.tube,premium,23.6,23.6,medium,low,9,namesilo,,,
cf22d5e0-0935-4222-b062-7df42644e0a5,synoptic.tube,premium,23.6,23.6,high,low,8,namesilo,,,11/09/2026 06:33
4ffeb1ea-588a-4c00-8ed5-cb51201856eb,boundaries.tube,available,33.98,,medium,low,10,namecheap,,,
425ef333-ef95-4e58-816d-9c3ea5994f42,ingredients.tube,available,23.99,23.99,medium,low,11,namesilo,,,
9f262ad4-d07c-4606-8bb9-36c6bd92a9ce,asexual.tube,premium,23.6,23.6,high,low,7,namesilo,,,07/08/2026 01:33
47d5ecb7-282a-4fbd-b231-d88afbabffbe,interviewee.tube,available,23.99,23.99,medium,low,11,namesilo,,,
8b077807-6d05-4725-a4c4-20ad0b133029,argus.tube,premium,23.6,23.6,high,low,5,namesilo,,,20/09/2026 04:53
5e5c6026-ee4a-45d2-94fc-e23dc65505bf,hayastan.tube,premium,23.6,23.6,medium,low,8,namesilo,,,20/09/2026 06:40
a29c68af-8547-42c1-8314-b3c0dabbd625,abelard.tube,premium,23.6,23.6,medium,low,7,namesilo,,,16/09/2026 14:59
6b2f85a3-a516-4bd5-87bc-291a4253a413,confidence.tube,premium,130,26,high,low,10,namecheap,,,20/09/2026 16:46
78fce2b9-ba37-4318-b9f0-80c27598ecf2,nonuniform.tube,premium,23.6,23.6,medium,low,10,namesilo,,,22/08/2026 05:15
e5850555-e2fc-467d-a84b-1916f5b5741e,serbs.tube,premium,23.6,23.6,medium,low,5,namesilo,,,20/09/2026 12:11
42eea07c-40af-43e2-a95a-f5a199c03c80,introspections.tube,available,23.99,23.99,low,low,14,namesilo,,,
3c0c2592-b97d-48ff-a7f5-8801913779df,faithfully.tube,premium,23.6,23.6,high,low,10,namesilo,,,14/09/2026 11:42
21d159ae-4273-478b-aa91-98d8b94dfa64,jorge.tube,premium,23.6,23.6,high,low,5,namesilo,,,25/09/2026 13:21
74978763-057b-43af-8df3-8fb58b087730,ascensive.tube,premium,23.6,23.6,medium,low,9,namesilo,,,07/08/2026 00:46
91a540b2-3e84-48f9-80d6-a01575fc6738,commonly.tube,available,23.99,23.99,high,low,8,namesilo,,,
8e2482d3-70bd-451d-97ec-76c865334e3f,served.tube,premium,23.6,23.6,medium,low,6,namesilo,,,25/09/2026 17:23
e509bc2c-55d5-4a85-b8b4-4ca50cfc1b1e,payments.tube,premium,23.6,23.6,high,low,8,namesilo,,,18/09/2026 16:44
3c2da539-7585-4840-852d-76b74248117d,wandering.tube,available,25.98,33.98,high,low,9,namecheap,,,25/09/2026 21:06
144448a5-9fc2-4e9b-a901-0ff2eb3edaae,gratefully.tube,available,25.98,33.98,high,low,10,namecheap,,,13/09/2026 20:28
6d15a8c6-0f06-40b3-ab8d-0bf945f72ef3,warning.tube,premium,130,26,high,low,7,namecheap,,,13/09/2026 08:25
c5eae613-816e-4943-951e-b988de92c251,thou.tube,available,25.98,33.98,high,low,4,namecheap,,,21/09/2026 11:11
2da9855a-f615-4935-accc-e3a3c902764b,thongs.tube,premium,1300,26,medium,low,6,namecheap,,,19/09/2026 22:16
7c2385e3-5bec-46ef-b3b9-ce155f0629e3,radiopaque.tube,premium,23.6,23.6,high,low,10,namesilo,,,09/09/2026 09:41
349de3fd-1e86-4002-96bf-70e18eacda83,passes.tube,premium,23.6,23.6,medium,low,6,namesilo,,,27/09/2026 02:49
760910ae-ca53-4300-8c5e-693949c04265,purposes.tube,available,23.99,23.99,medium,low,8,namesilo,,,
9aa79c12-2f90-4ad7-8847-38e4a55bd067,dicky.tube,premium,23.6,23.6,medium,low,5,namesilo,,,14/08/2026 06:27
fdfa597e-8459-43f7-b957-7bf3a0b46b53,legless.tube,premium,23.6,23.6,medium,low,7,namesilo,,,22/08/2026 23:13
804c71db-aa3b-46d2-9da8-4fd7a72743b8,newsletters.tube,premium,23.6,23.6,high,low,11,namesilo,,,20/09/2026 15:17
be76181f-3972-46fc-a1b2-171c3d482cf8,alewife.tube,premium,23.6,23.6,medium,low,7,namesilo,,,18/09/2026 05:44
efa99a9d-6591-4a4b-b235-e85002cedcae,cocoa.tube,premium,62.5,,high,low,5,name.com,,,
da433866-51f9-4e11-8a19-24e81d45be76,mutually.tube,premium,23.6,23.6,medium,low,8,namesilo,,,15/09/2026 15:56
1da871ea-80d2-4dc3-88de-bffb7c489c21,primer.tube,available,23.99,23.99,high,low,6,namesilo,,,
6eb33203-fc2a-4a35-820b-f028c60ac265,triclinic.tube,premium,23.6,23.6,medium,low,9,namesilo,,,
3900ecca-7b41-4167-98a1-88308675e20a,tetchy.tube,premium,23.6,23.6,medium,low,6,namesilo,,,22/08/2026 10:31
e34ebb87-0a4f-45fa-a46f-2562718144c8,parked.tube,premium,23.6,23.6,high,low,6,namesilo,,,08/09/2026 01:36
3e7315ee-adb5-469d-93be-c7410c6f8e08,paths.tube,premium,23.6,23.6,medium,low,5,namesilo,,,18/09/2026 10:52
4120e201-d8e8-40e0-ad8f-e6b31d8765e9,leukaemia.tube,available,25.98,33.98,medium,low,9,namecheap,,,24/09/2026 11:59
d1e9049f-1cae-4e6b-99e2-2f10d0214b0c,recoil.tube,premium,23.6,23.6,high,low,6,namesilo,,,21/09/2026 15:32
38d0266c-8884-4f6a-b688-b5286d852c9d,bordeaux.tube,premium,2600,26,high,low,8,namecheap,,,24/09/2026 07:22
23345300-dfe3-43bb-808b-e4bc4b664cf7,modeller.tube,available,33.98,,high,low,8,namecheap,,,
87c54005-a3a5-4c28-9a45-336ca1370e07,gaol.tube,premium,23.6,23.6,medium,low,4,namesilo,,,08/09/2026 22:46
416663b1-8581-4850-83c2-e15f49d1645b,landed.tube,premium,23.6,23.6,high,low,6,namesilo,,,22/08/2026 19:22
f545138b-6c1f-4fb2-96bc-4bf8d915e25a,biloxi.tube,premium,23.6,23.6,high,low,6,namesilo,,,23/09/2026 16:52
896a98f1-0710-4ee9-bf9a-348d52b5f2b7,hadrian.tube,premium,23.6,23.6,medium,low,7,namesilo,,,17/09/2026 09:58
f326a5d5-4e9e-467a-928e-a4583f3c911d,ldopa.tube,premium,23.6,23.6,high,low,6,namesilo,,,23/09/2026 07:45
2dee812f-c9de-4c26-a52d-4564b674672d,scratched.tube,available,23.99,23.99,medium,low,9,namesilo,,,
36353cd7-1c6a-4087-8115-755f738391e4,midweek.tube,premium,23.6,23.6,high,low,7,namesilo,,,13/09/2026 09:34
8022d12d-072d-479c-a6f8-b4b9e0a089c9,striation.tube,premium,23.6,23.6,medium,low,9,namesilo,,,22/09/2026 01:19
f94ded94-5188-4964-a803-a5dc83420306,parishes.tube,premium,23.6,23.6,medium,low,8,namesilo,,,18/09/2026 08:08
af47e8a2-f065-4359-9243-ecad23725377,veracious.tube,premium,23.6,23.6,medium,low,9,namesilo,,,13/09/2026 02:19
efbd814d-03ce-463a-873d-3e913ae0eb8b,rimy.tube,premium,23.6,23.6,medium,low,4,namesilo,,,09/09/2026 17:41
7fee81bf-56e9-4d84-b447-351650ee66ab,reasonably.tube,premium,23.6,23.6,medium,low,10,namesilo,,,25/09/2026 11:58
1ef34f86-e75c-4edb-818a-2ff10509c7f0,filming.tube,available,23.99,23.99,high,low,7,namesilo,,,
330bd70e-fc9f-46dd-8a10-ee02ed5e5615,thundering.tube,premium,23.6,23.6,high,low,10,namesilo,,,11/09/2026 15:14
1ac7ceb1-17a8-43fb-abc2-edeac448e8bb,clink.tube,premium,23.6,23.6,medium,low,5,namesilo,,,08/09/2026 22:47
c8b39a63-091a-4f8d-9553-31eb3a882fe5,stretched.tube,premium,23.6,23.6,high,low,9,namesilo,,,10/09/2026 22:34
57963bd6-0bf6-4fdf-be49-ae460bee418e,jockstrap.tube,available,25.98,33.98,medium,low,9,namecheap,,,20/09/2026 21:10
7211ad00-c4cc-44af-9b96-70362fba4d7c,backstroke.tube,premium,23.6,23.6,high,low,10,namesilo,,,21/09/2026 16:09
157d94fd-6c3e-4c4a-902d-86066262f985,foursquare.tube,premium,23.6,23.6,high,low,10,namesilo,,,18/08/2026 13:48
c46e10a8-b9a2-4e39-970d-99d06beb7e1a,engross.tube,available,25.98,33.98,high,low,7,namecheap,,,10/09/2026 19:54
a93a78ae-7bf6-4818-825d-144ccb418872,citizen.tube,premium,62.5,,high,low,7,name.com,,,
f2fc0e75-75e6-4c86-954a-2b405e13547a,pulmonary.tube,premium,23.6,23.6,high,low,9,namesilo,,,09/09/2026 05:54
649678a3-1d66-44dd-9806-3b5a7c47400e,tautly.tube,premium,23.6,23.6,medium,low,6,namesilo,,,16/09/2026 08:09
d39d2979-9ac7-49b0-8745-c0b5564de101,aureate.tube,available,34.99,34.99,medium,low,7,name.com,,,22/09/2026 12:51
cd0ff1aa-4037-477f-984f-7c0fc9b18691,empyreal.tube,premium,23.6,23.6,medium,low,8,namesilo,,,16/08/2026 20:53
2002201d-bf2c-4032-9c8b-2c3f139292c5,faultless.tube,premium,23.6,23.6,high,low,9,namesilo,,,18/08/2026 00:05
3d927b2d-eb5f-442a-9af9-d5320d8d38cc,adamance.tube,premium,23.6,23.6,medium,low,8,namesilo,,,17/09/2026 06:15
d7bdace8-68bb-42e2-a429-95c832ba0b05,eviscerate.tube,premium,23.6,23.6,medium,low,10,namesilo,,,17/08/2026 15:10
87a1959e-1114-4312-ba10-c7c288660599,criterial.tube,premium,23.6,23.6,medium,low,9,namesilo,,,13/08/2026 07:27
e68387a8-f797-4bf2-8a29-9c5a9f6b272b,bronchial.tube,premium,23.6,23.6,medium,low,9,namesilo,,,11/08/2026 05:35
2888d15a-1b85-4278-a538-67e2a125c818,behaviours.tube,premium,23.6,23.6,medium,low,10,namesilo,,,20/09/2026 22:06
e92abe2c-ca69-4322-8753-2ffd3b357d0e,neighbors.tube,premium,23.6,23.6,high,low,9,namesilo,,,18/09/2026 09:55
7962a4be-cd87-4a8c-b8d4-32361051473a,clad.tube,premium,23.6,23.6,high,low,4,namesilo,,,12/08/2026 09:13
a6424108-29d8-4c62-a15e-f329ab88f4b5,gavin.tube,premium,23.6,23.6,high,low,5,namesilo,,,26/09/2026 03:29
16f8e79f-24cf-4db9-9472-44b87152f678,becoming.tube,available,,,high,low,8,,,,
1a6e4d99-3e1e-47d4-8b61-4e8c33bc4f5a,alate.tube,premium,23.6,23.6,medium,low,5,namesilo,,,
5ba50f9a-e0c1-49dd-a6c6-055096320316,aflame.tube,premium,23.6,23.6,high,low,6,namesilo,,,
b9b6ede0-d2e1-4481-85b4-58ad7013254c,insignificant.tube,available,23.99,23.99,medium,low,13,namesilo,,,
5573d99d-d19c-40cc-b749-2fcb827d5a4b,gracile.tube,available,25.98,33.98,medium,low,7,namecheap,,,20/08/2026 17:29
2da22428-b17f-40b3-be4f-d61bf38671ec,permutable.tube,available,25.98,33.98,medium,low,10,namecheap,,,08/09/2026 17:50
589e1989-4b98-4ba6-9643-398e515256b9,torment.tube,available,25.98,33.98,medium,low,7,namecheap,,,14/08/2026 21:14
c2681789-1eb6-4fcb-8925-b175316d0327,spayed.tube,premium,23.6,23.6,high,medium,6,namesilo,,,10/09/2026 15:21
81239f47-036c-4cab-8414-edea3a013098,custom.tube,resell,,,high,low,6,"GoDaddy.com, LLC",30/04/2019 18:34,30/04/2027 18:34,26/09/2026 05:23
a5e94f87-1438-4d1d-ae61-aefa5c58773b,sapphic.tube,premium,23.6,23.6,high,low,7,namesilo,,,23/08/2026 00:18
3b7a8a73-d22c-46fd-82f8-4a36af6cc951,frothy.tube,premium,23.6,23.6,high,low,6,namesilo,,,11/08/2026 07:22
cf19193c-1204-49be-a89d-936f7b843532,sul.tube,premium,260,26,high,low,3,namecheap,,,27/09/2026 10:19
06d67a87-13ee-492b-b29a-0c6286c49877,flawed.tube,premium,23.6,23.6,high,low,6,namesilo,,,18/08/2026 07:18
acff95ff-3863-4ec3-913e-16edf2e71ed7,sundress.tube,available,33.98,,high,low,8,namecheap,,,
955ff720-93a7-4b9f-bc3e-fc053486adba,deaf.tube,available,34.99,34.99,high,low,4,name.com,,,13/08/2026 19:42
e3e5557a-d196-49c8-a455-91c77529a5c1,anus.tube,premium,23.6,23.6,medium,low,4,namesilo,,,19/09/2026 15:56
6a8add40-26b1-4461-9dd7-42786b69d523,bardic.tube,available,25.98,33.98,medium,low,6,namecheap,,,08/08/2026 18:00
33486f67-61e7-4856-9d4b-3e03eeefa210,threads.tube,premium,23.6,23.6,high,low,7,namesilo,,,25/09/2026 00:19
ff35f039-ec5f-43a0-8a34-758fb9ee5cf9,axially.tube,premium,23.6,23.6,medium,low,7,namesilo,,,13/09/2026 22:57
7bd4e76e-09b3-410f-b348-eeae202ff6ae,crosby.tube,available,25.98,33.98,high,low,6,namecheap,,,23/09/2026 17:15
9302149d-70c9-4dfe-8390-79c6c09d7093,chainlike.tube,available,25.98,33.98,medium,low,9,namecheap,,,11/08/2026 21:34
ed271ab4-6843-40be-88aa-2f8929a2aaf1,olibanum.tube,premium,23.6,23.6,medium,low,8,namesilo,,,16/09/2026 09:03
6494536a-a93f-40b8-af8f-2c8244dabe4b,midmost.tube,premium,23.6,23.6,medium,low,7,namesilo,,,24/08/2026 22:29
ac6deae0-2dc7-4bbb-8708-66775d20693a,iddm.tube,premium,23.6,23.6,medium,low,4,namesilo,,,21/09/2026 06:41
e24f0574-0180-4fff-acfc-4350983ce478,vehement.tube,premium,23.6,23.6,medium,low,8,namesilo,,,11/09/2026 09:44
4ff0ea58-e7a2-4076-aec9-a10097d7c341,addressed.tube,premium,23.6,23.6,high,low,9,namesilo,,,
2dfe1451-f729-417d-a846-55bae2ce3f44,menacingly.tube,premium,23.6,23.6,medium,low,10,namesilo,,,15/09/2026 14:03
f8b8ea3c-4b6e-478d-9970-2838d8983265,sloth.tube,available,23.99,23.99,high,low,5,namesilo,,,
048a2760-666e-44e4-abde-c656f443ce37,talismanic.tube,premium,23.6,23.6,medium,low,10,namesilo,,,11/09/2026 07:30
c809da77-4eb9-4bad-94c8-2c8b16d2bd66,frigid.tube,premium,23.6,23.6,medium,low,6,namesilo,,,18/08/2026 15:46
331b9603-b0bd-45bb-b5c1-e20112158c89,tyranny.tube,available,25.98,33.98,medium,low,7,namecheap,,,16/09/2026 18:02
7032a8af-77d8-45f6-bb51-38b19239737a,pedagogic.tube,premium,2600,26,medium,low,9,namecheap,,,08/09/2026 12:15
c789d0b1-3cc8-4d77-945d-b2bfac593908,adding.tube,available,23.99,23.99,high,low,6,namesilo,,,
302f3520-9371-456b-811a-ea8450f0c423,typic.tube,premium,23.6,23.6,medium,low,5,namesilo,,,11/09/2026 22:29
ead17fce-987b-4b51-958e-d4cb31ea6652,overcast.tube,premium,23.6,23.6,high,low,8,namesilo,,,12/08/2026 12:29
da79300e-b65c-444c-94d4-46cd0db50475,spit.tube,premium,260,26,high,low,4,namecheap,,,15/09/2026 20:17
da843fe8-2b10-4bc2-a2ad-e3d94484e38f,doyle.tube,premium,23.6,23.6,high,low,5,namesilo,,,25/09/2026 12:42
9f409de1-34ae-406b-be6e-3066eac476a0,kendall.tube,available,25.98,33.98,high,low,7,namecheap,,,25/09/2026 05:14
d2125f21-3104-4757-8327-1f4df6d84fb6,dionysia.tube,premium,23.6,23.6,high,low,8,namesilo,,,21/09/2026 13:58
a06c51e2-4a01-4112-a66f-78de1c4bd50b,hedge.tube,available,23.99,23.99,high,low,5,namesilo,,,
b3413092-aff5-48d4-a0a8-88d8799afd60,disused.tube,premium,23.6,23.6,medium,low,7,namesilo,,,14/08/2026 13:28
a0e66548-eddc-4927-84e4-844606d7c375,ive.tube,premium,125,,high,low,3,name.com,,,
4047dd09-9226-40f7-aee6-6a0a8ed5f224,bipedal.tube,premium,23.6,23.6,high,low,7,namesilo,,,10/08/2026 05:09
aae31bff-791f-4c0b-8287-dc79fd36da4e,allergy.tube,premium,468.75,,high,low,7,name.com,,,
884835e9-d580-4ca3-996e-c7979c6b89e6,glimmery.tube,premium,23.6,23.6,medium,low,8,namesilo,,,20/08/2026 14:28
bb275c69-6a7d-4392-84ee-2fde1647df4e,flaxen.tube,premium,23.6,23.6,medium,low,6,namesilo,,,18/08/2026 07:23
780e2b38-a77c-4b29-a11a-b0b5fa228ae4,exoteric.tube,premium,23.6,23.6,high,low,8,namesilo,,,17/08/2026 17:44
e26a0a5f-d531-44c2-aab8-463d7d2b6924,domed.tube,premium,23.6,23.6,high,low,5,namesilo,,,14/08/2026 15:37
6b3b4c11-8d98-426c-aacf-b32b3ce79d46,paddle.tube,available,,,high,high,6,,,,
87e8f17d-82e3-4c36-adab-fe4f8d2c3fc0,arguments.tube,premium,23.6,23.6,medium,low,9,namesilo,,,16/09/2026 05:03
dca87de1-6774-4db3-838a-b0a8fdbcdb35,france.tube,available,,,high,high,6,,,,
65e409bf-aaae-44f7-b707-046aa895060f,yur.tube,premium,125,,high,low,3,name.com,,,
6f3d76b4-3f19-4b8f-a629-8ccf83626ca6,overly.tube,premium,23.6,23.6,high,low,6,namesilo,,,14/09/2026 16:48
3a7bcd00-7ba3-45fc-abe9-a312bb26d3f6,bedford.tube,premium,23.6,23.6,high,low,7,namesilo,,,25/09/2026 14:52
2f6d9b10-0f6c-4a29-acc1-0f97096088a6,swing.tube,premium,125,,high,low,5,name.com,,,
00b3664f-fe48-4347-964d-0e4cdbf59470,agreeable.tube,premium,23.6,23.6,high,low,9,namesilo,,,21/09/2026 23:17
2ee20bf4-dc19-4e2a-b83e-5f8995ae1efd,adulterate.tube,premium,23.6,23.6,medium,low,10,namesilo,,,
fb36de94-8fe2-4092-9579-f7f92cc05e09,road.tube,premium,62.5,,high,low,4,name.com,,,
50920cdf-a173-4714-9e41-c85b86509cd9,leigh.tube,available,25.98,33.98,high,low,5,namecheap,,,25/09/2026 08:55
fd4af2d3-7530-49e1-9a21-e7a889e088e9,ventolin.tube,premium,23.6,23.6,high,low,8,namesilo,,,18/09/2026 03:33
ce54e894-df40-4aaf-807e-335e79711c7a,uppish.tube,premium,23.6,23.6,low,low,6,namesilo,,,09/08/2026 20:46
31bb8a9d-e7ef-4603-8fe3-4682f33cca1b,forever.tube,premium,1300,26,high,medium,7,namecheap,,,27/09/2026 02:31
a65d94bf-fa4c-45a2-885a-418a4259b1b4,bulge.tube,premium,23.6,23.6,high,low,5,namesilo,,,08/09/2026 23:47
2a8a9681-a2ee-46c1-a9d0-9e0dc1344a0e,sinclair.tube,premium,23.6,23.6,high,low,8,namesilo,,,25/09/2026 04:16
ef7228dd-6596-4551-ba10-66ab46016cf6,anklebone.tube,premium,23.6,23.6,medium,low,9,namesilo,,,19/09/2026 09:43
d5b0e93b-2caf-45c5-ab36-fc0d8d24964a,abohm.tube,premium,23.6,23.6,medium,low,5,namesilo,,,16/09/2026 16:26
4470d6c7-e57a-49bc-9518-db7aa148f420,takes.tube,available,23.99,23.99,medium,low,5,namesilo,,,
f9936e1e-a637-431a-aedd-63f725b49694,terrorist.tube,premium,650,26,medium,low,9,namecheap,,,25/09/2026 10:50
a901baec-e30b-4e66-961d-ed0324d02bdc,acrobatic.tube,available,25.98,33.98,high,low,9,namecheap,,,
dd1b0620-e673-4146-ac27-393c98d711be,skunk.tube,premium,625,34.99,high,low,5,name.com,,,11/08/2026 09:13
2b3623f3-21ec-4bd4-8b4d-664570fd1d6c,aflatoxin.tube,premium,23.6,23.6,medium,low,9,namesilo,,,17/09/2026 15:06
74a57857-55a9-4833-a63c-3e5144ae388a,clifton.tube,available,25.98,33.98,medium,low,7,namecheap,,,25/09/2026 19:29
270be0ef-5606-4d46-acb4-b1eca2255f93,aqualung.tube,available,25.98,33.98,high,low,8,namecheap,,,19/09/2026 22:54
1c6447a9-222a-488d-962f-3e6b45d30168,semisoft.tube,premium,23.6,23.6,medium,low,8,namesilo,,,10/09/2026 03:24
c478b8c4-38ab-4352-b955-175a24e83835,llp.tube,premium,125,,high,low,3,name.com,,,
5ec11fec-76f5-4c08-a4f9-58c64d9843f2,teetotal.tube,premium,23.6,23.6,medium,low,8,namesilo,,,11/09/2026 10:14
c6a541b9-ed0d-4e11-bd24-8c209066189a,contents.tube,available,23.99,23.99,high,low,8,namesilo,,,
748617de-1a35-4e16-90e3-6c3ae802c8de,achaean.tube,premium,23.6,23.6,medium,low,7,namesilo,,,
957cc29a-19ac-46fe-b3bb-d91e22d74f07,cheeky.tube,premium,23.6,23.6,high,low,6,namesilo,,,11/08/2026 02:26
3a1bec84-6584-45b7-966f-53bccf64230b,lapsing.tube,premium,23.6,23.6,medium,low,7,namesilo,,,09/09/2026 16:15
dc19708c-ea57-4f84-ac92-0d007c4a784b,addend.tube,premium,23.6,23.6,medium,low,6,namesilo,,,17/09/2026 06:41
54b15ca7-76b0-4d51-a31a-59d39e4f06bd,alluvion.tube,available,25.98,33.98,medium,low,8,namecheap,,,18/09/2026 12:21
0c3906a9-8f00-4cf3-a941-0f0d3cb008c6,profundity.tube,available,25.98,33.98,medium,low,10,namecheap,,,16/09/2026 18:38
e19b597f-7af8-40ea-a517-67fd5e6f5cb6,haughty.tube,premium,23.6,23.6,medium,low,7,namesilo,,,21/08/2026 01:24
87d1144d-d360-43fa-ba6f-1618863e765a,tenebrous.tube,premium,23.6,23.6,medium,low,9,namesilo,,,11/09/2026 11:19
06438599-9408-48b5-8f9d-252ca3a0a004,sacrifice.tube,premium,130,26,high,low,9,namecheap,,,25/09/2026 10:25
678535af-ec39-433e-800b-d9734a47b15f,baluster.tube,premium,23.6,23.6,medium,low,8,namesilo,,,22/09/2026 00:22
a098063a-9e7d-4b72-b443-1628a64c8b37,baneful.tube,premium,23.6,23.6,low,low,7,namesilo,,,08/08/2026 09:44
d8534291-5fa7-4ee7-ae55-a7872dec95a5,grew.tube,available,23.99,23.99,high,low,4,namesilo,,,
68710a54-4dfd-4f6e-91fd-106a391b6860,stargazer.tube,available,25.98,33.98,high,low,9,namecheap,,,20/09/2026 18:07
aa58ec8f-b318-4e4f-91f9-45d22b6bcb4d,detached.tube,premium,23.6,23.6,high,low,8,namesilo,,,24/09/2026 07:07
f499fd8d-bbaf-437d-bafa-ab8715c0888e,wayfaring.tube,premium,23.6,23.6,medium,low,9,namesilo,,,13/09/2026 08:47
36fb0194-46bd-4417-8496-d96726fb5d0c,rattling.tube,premium,23.6,23.6,high,low,8,namesilo,,,11/08/2026 04:30
48b8a384-62c6-4a8c-bed1-660369169ae4,trilateral.tube,premium,23.6,23.6,medium,low,10,namesilo,,,11/09/2026 14:28
d0437982-b7c6-4484-b506-698cae725b6f,scratchy.tube,premium,23.6,23.6,medium,low,8,namesilo,,,
ce2fd943-d8e7-4df3-aaff-6b1fd6ff968d,tangential.tube,premium,23.6,23.6,medium,low,10,namesilo,,,14/08/2026 07:29
ca51ca10-506a-4e4b-8555-2c849a040552,scrutinise.tube,available,25.98,33.98,medium,low,10,namecheap,,,21/09/2026 03:07
12ba8cc2-8cc8-46ba-9b10-0cacc046c5cd,maddened.tube,premium,23.6,23.6,medium,low,8,namesilo,,,
a7f50513-c2df-424f-83ac-ef9114698613,annexe.tube,premium,23.6,23.6,high,low,6,namesilo,,,19/09/2026 10:24
7a94eac9-d977-46ca-8c12-9880dd2d27cd,luck.tube,premium,468.75,,high,low,4,name.com,,,
93c54e8e-35a6-47f6-89be-c873c04f106e,glut.tube,premium,23.6,23.6,high,low,4,namesilo,,,23/09/2026 17:21
5cae5015-ad71-42ca-a5a1-f4fb604b9995,probing.tube,premium,23.6,23.6,high,low,7,namesilo,,,22/08/2026 06:21
7a8997cc-c422-4fcd-8c13-64f7985b9ee7,chimpanzee.tube,premium,23.6,23.6,high,low,10,namesilo,,,24/09/2026 14:39
3a6e362d-5a22-4319-ba09-1b65b4f420e5,brash.tube,premium,23.6,23.6,medium,low,5,namesilo,,,11/08/2026 02:25
ad33a24a-0657-4a40-981a-6d712d47274b,asserted.tube,premium,23.6,23.6,medium,low,8,namesilo,,,07/08/2026 05:54
807775fe-38cb-4eab-8a1d-96444ea67cd5,arkansan.tube,premium,23.6,23.6,medium,low,8,namesilo,,,20/09/2026 06:11
1ac4cbd6-0f16-4fa2-b094-14d611f8f638,pretorial.tube,premium,23.6,23.6,high,medium,9,namesilo,,,09/09/2026 01:02
70841a21-0c26-4ab1-a014-693812c85e22,respectively.tube,available,23.99,23.99,medium,low,12,namesilo,,,
fe5efe6c-ea5d-40a7-b459-9030d12b64a7,cassie.tube,available,25.98,33.98,high,low,6,namecheap,,,16/09/2026 20:12
6a483e88-8916-4fa5-a6de-cfdfe486f3f9,troglodyte.tube,premium,23.6,23.6,medium,low,10,namesilo,,,09/09/2026 11:43
b142fe48-e117-4dba-ba1f-db85b81b2e3b,bengal.tube,available,25.98,33.98,high,low,6,namecheap,,,23/09/2026 07:59
dbec3294-f0f5-4e23-9096-1006e6a18e46,rely.tube,available,23.99,23.99,high,low,4,namesilo,,,
083629f0-a84d-4e82-89e2-fd45517a71c0,friendship.tube,premium,125,,high,low,10,name.com,,,
b664ecf2-b1a4-479b-8187-750ce957c476,shintoist.tube,premium,23.6,23.6,high,medium,9,namesilo,,,10/09/2026 06:33
16e8893a-dca1-4f26-8b91-f0b7a351f999,postmortal.tube,premium,23.6,23.6,medium,low,10,namesilo,,,09/09/2026 00:33
fd8acd1c-629b-4148-9909-7c503bab9067,boyle.tube,premium,23.6,23.6,high,low,5,namesilo,,,25/09/2026 02:02
884d079c-3f1b-42d0-96bc-cd3591c6ed91,ratter.tube,premium,23.6,23.6,low,low,6,namesilo,,,06/08/2026 04:00
9398a1f9-c166-4078-a635-e9315f24484b,handbill.tube,premium,23.6,23.6,high,low,8,namesilo,,,11/08/2026 05:06
d08664e9-28ae-4cef-ac1a-f25ff85cb025,roller.tube,available,33.98,,high,low,6,namecheap,,,
2bb0f699-c1e2-4067-a2c6-c031c4da19e0,thinking.tube,available,23.99,23.99,high,low,8,namesilo,,,
ec3d665e-8236-4f20-8ada-60047c96ea02,board.tube,premium,62.5,,high,low,5,name.com,,,
80fbbb25-6eef-4ec1-9205-fad80872659b,cardiac.tube,available,25.98,33.98,high,low,7,namecheap,,,11/08/2026 18:53
4cf7a882-733d-4da9-9c5c-a17f052db310,brummagem.tube,premium,23.6,23.6,medium,low,9,namesilo,,,11/08/2026 06:42
1bfcdff7-8f16-4723-b87e-9cfc524f871f,prejudice.tube,available,25.98,33.98,high,low,9,namecheap,,,22/09/2026 20:16
a0bc3533-4864-401a-87dd-c44458d07594,peritoneal.tube,premium,23.6,23.6,medium,low,10,namesilo,,,08/09/2026 17:25
4ee4e935-6020-4b45-8edb-c6cd949f3ffc,unscathed.tube,premium,23.6,23.6,high,low,9,namesilo,,,12/09/2026 12:03
3c82799c-2b83-45f2-a9bd-91045eec49f2,neighbours.tube,premium,23.6,23.6,medium,low,10,namesilo,,,18/09/2026 07:42
e8e50889-7286-427a-9cb2-36997b3ded74,alfalfa.tube,premium,23.6,23.6,high,low,7,namesilo,,,18/09/2026 06:07
34800cef-5981-48a4-acd3-22a5670d330f,lexical.tube,premium,23.6,23.6,high,low,7,namesilo,,,23/08/2026 00:42
b8f034a5-6e8c-4167-82fa-5b47008a6535,spinous.tube,premium,23.6,23.6,medium,low,7,namesilo,,,
c86c8eb1-a6a1-4238-a4f7-f7ac650b3537,uncool.tube,premium,23.6,23.6,medium,low,6,namesilo,,,12/09/2026 06:11
14d67753-f733-49b4-a79b-b2a712b791df,anticancer.tube,premium,23.6,23.6,high,low,10,namesilo,,,22/09/2026 06:38
1094e2ba-ca5a-44a1-8cec-86582fc7a5ce,airburst.tube,premium,23.6,23.6,medium,low,8,namesilo,,,17/09/2026 23:00
f962970e-43d1-4793-ba0e-d04eddbff0a6,bakelite.tube,available,25.98,33.98,medium,low,8,namecheap,,,21/09/2026 20:15
bab8cb0d-3801-46cc-bcc9-16175c98d72b,betting.tube,premium,2500,34.99,high,low,7,name.com,,,09/08/2026 18:14
c38469e7-78c3-415e-9e1f-6a3cc25e6352,azygous.tube,premium,23.6,23.6,medium,low,7,namesilo,,,08/08/2026 03:27
f5d0ce9c-a96b-441a-9d38-d4919c7370ad,prince.tube,available,23.99,23.99,high,low,6,namesilo,,,
9d7ff154-110e-433c-9827-1b61d9bb7128,instructions.tube,available,34.99,34.99,high,low,12,name.com,,,25/09/2026 16:47
5a87568f-a527-40d0-a6ec-90a4f90841e6,disciple.tube,premium,23.6,23.6,high,low,8,namesilo,,,
4cc086d0-3e2b-4ba5-aa9c-fa98fb22c4f2,confused.tube,premium,23.6,23.6,high,low,8,namesilo,,,07/08/2026 12:02
c7459d52-0345-4146-b15f-ac60bc7ea9d7,currawong.tube,premium,23.6,23.6,medium,low,9,namesilo,,,23/09/2026 05:33
5ecab4cd-ad63-49f5-b9ed-d728020764ab,netherlands.tube,available,,,high,high,11,,,,
08df548d-9a81-417d-ba3f-7c52eea89c87,ammo.tube,premium,23.6,23.6,high,low,4,namesilo,,,18/09/2026 22:06
66f52e96-5552-4f50-a3e9-20cfb1fd161c,triennial.tube,available,25.98,33.98,high,low,9,namecheap,,,11/09/2026 19:31
39d05a80-9b17-46cf-9b56-edcaecd3b666,aave.tube,available,34.99,34.99,medium,low,4,name.com,,,16/09/2026 13:38
72df8dca-c1cb-428b-ac17-f22ea957b58a,ovular.tube,premium,23.6,23.6,medium,low,6,namesilo,,,04/09/2026 22:12
d3738379-3d20-4b6c-b1af-3ca24064d01b,scar.tube,premium,23.6,23.6,high,low,4,namesilo,,,24/09/2026 15:00
a146d905-8781-495a-af00-105c76ca80d0,could.tube,available,23.99,23.99,high,low,5,namesilo,,,
e268f455-e098-489f-bb50-4dc1e8deaf27,barebacked.tube,premium,23.6,23.6,medium,low,10,namesilo,,,08/08/2026 18:44
67d75aa4-b4fc-4ed8-885e-7bef022a9ca2,simplex.tube,premium,23.6,23.6,high,medium,7,namesilo,,,10/09/2026 08:15
6b0e79ac-e962-4373-b1ae-5675d51b82f6,sensing.tube,available,23.99,23.99,high,low,7,namesilo,,,
e40a4d8d-3964-4efc-870a-f4d6cf6eb25c,tentacular.tube,premium,23.6,23.6,medium,low,10,namesilo,,,11/09/2026 11:35
15e37e34-9c12-41fb-acd8-77a5531bd6e1,aright.tube,premium,23.6,23.6,high,low,6,namesilo,,,13/09/2026 20:49
83f0d150-6f9b-420e-830b-ba932371fa0c,redly.tube,premium,23.6,23.6,medium,low,5,namesilo,,,15/09/2026 22:51
b159953b-bd69-49db-ad66-f1ace7bb98ef,parisian.tube,premium,23.6,23.6,high,low,8,namesilo,,,08/09/2026 01:34
1836fae8-84ab-4023-91b9-bd5ba5730de5,bragger.tube,premium,23.6,23.6,medium,low,7,namesilo,,,11/08/2026 01:14
6f2d4799-0cc0-42d4-9fc3-3a12db5b02da,cervical.tube,premium,23.6,23.6,high,low,8,namesilo,,,12/08/2026 00:58
d7401ff9-9bec-410e-a375-9fb88a064416,johnson.tube,premium,23.6,23.6,high,low,7,namesilo,,,19/09/2026 04:46
9c607859-f2a7-4ad1-8058-324374a64b7d,pledged.tube,premium,23.6,23.6,high,low,7,namesilo,,,27/09/2026 04:12
a78ec50e-49fe-4814-babc-c988d39085ed,heartburn.tube,available,23.99,23.99,medium,low,9,namesilo,,,
163528d8-5371-4d72-85b6-3626024935d7,symons.tube,premium,23.6,23.6,high,low,6,namesilo,,,20/09/2026 11:07
e98c70e0-990b-445b-bacf-d398fc005ead,germy.tube,premium,23.6,23.6,medium,low,5,namesilo,,,18/08/2026 22:53
26f312e4-ec1f-44af-9cc8-daeeade41200,squalls.tube,premium,23.6,23.6,low,low,7,namesilo,,,20/09/2026 14:16
56b40905-0a0c-49d2-8302-ef2511363acd,concern.tube,available,23.99,23.99,high,low,7,namesilo,,,
ed29ef27-12c6-498f-be47-a408387184d9,relating.tube,available,33.98,,high,low,8,namecheap,,,
1cb9ebc3-b100-4651-a587-7e4585d9acd1,tons.tube,available,33.98,,high,low,4,namecheap,,,
20326b31-33f5-4cbe-8d3b-6987825f4d06,fizzle.tube,premium,23.6,23.6,medium,low,6,namesilo,,,11/08/2026 11:19
5635cfbf-dd6f-41a7-a737-a9055c9192d0,meanwhile.tube,premium,130,26,high,low,9,namecheap,,,25/09/2026 10:13
c9f30322-be66-4168-912a-6b65ba657bcb,batsman.tube,available,25.98,33.98,medium,low,7,namecheap,,,22/09/2026 14:19
1e667c81-864f-46d9-a0b9-33f9412afb08,silicious.tube,premium,23.6,23.6,high,medium,9,namesilo,,,10/09/2026 08:08
4675ff67-f972-4247-818a-ddf58e02c8e6,yourselves.tube,available,23.99,23.99,medium,low,10,namesilo,,,
dcef2c15-fffc-484f-813e-527fe920237c,oswald.tube,available,25.98,33.98,high,low,6,namecheap,,,25/09/2026 08:53
306d2c3b-90b8-4fbc-add3-1f1a7c96dc7a,bothersome.tube,premium,23.6,23.6,medium,low,10,namesilo,,,
0f92d5b9-ee30-4334-8ed5-d6a5c6e186a7,blastoff.tube,premium,23.6,23.6,high,low,8,namesilo,,,24/09/2026 04:43
2003e688-cdb2-4a7b-b05c-a946313da144,flush.tube,premium,23.6,23.6,high,low,5,namesilo,,,
bd471172-9403-4cfa-ab5a-1ed98b33d4ae,warmed.tube,premium,23.6,23.6,high,low,6,namesilo,,,13/09/2026 08:22
b0ba7e7e-fbaa-41b3-abc5-76a74869c900,honeymooning.tube,premium,23.6,23.6,high,low,12,namesilo,,,21/09/2026 06:04
1423d387-6ba5-45e1-a9ce-863e6fc51d25,hype.tube,premium,125,,high,medium,4,name.com,,,
4a758572-ca7c-4689-9db2-b9d887f2dc85,incident.tube,premium,125,34.99,high,low,8,name.com,,,22/08/2026 01:19
319b9871-34d6-447d-b7fa-621d12e1ca4c,stony.tube,premium,23.6,23.6,medium,low,5,namesilo,,,10/08/2026 21:45
8c4dea85-602e-45ea-9978-4ec98f152005,packsack.tube,premium,23.6,23.6,medium,low,8,namesilo,,,21/09/2026 14:40
51c06744-a4bb-4bff-a720-675ddd75af18,cameras.tube,available,25.98,33.98,high,low,7,namecheap,,,25/09/2026 20:54
e0670b52-c964-475f-806e-33594027c4ed,bashful.tube,premium,23.6,23.6,high,low,7,namesilo,,,08/08/2026 22:01
49485f3d-57fc-40a2-b88f-1cc8589a5a84,somehow.tube,available,33.98,,high,low,7,namecheap,,,
ca42f39d-31cc-472e-9dc8-da3d78ebbb9d,percussive.tube,premium,23.6,23.6,high,low,10,namesilo,,,08/09/2026 16:22
1a163a4e-17f0-4b88-99dc-8661c44f1ea0,louse.tube,available,25.98,33.98,medium,low,5,namecheap,,,23/09/2026 20:00
7acc12c9-4928-44ef-8f3a-c6a299bb0201,tapestry.tube,available,25.98,33.98,high,low,8,namecheap,,,20/09/2026 08:48
2af22518-fe1c-45bd-a15c-fda1e343633a,lxxxi.tube,premium,23.6,23.6,medium,low,5,namesilo,,,
9370f0e9-cb24-4a0d-9f12-6458674763d0,nutella.tube,premium,23.6,23.6,high,medium,7,namesilo,,,19/09/2026 10:13
b7dfc9db-5daa-4e37-b8b8-07e129b7c659,unsound.tube,premium,23.6,23.6,medium,low,7,namesilo,,,24/09/2026 16:24
a9ce9482-af08-4632-a51b-bac48deb1724,debonnaire.tube,available,34.99,34.99,medium,low,10,name.com,,,13/08/2026 20:46
b8e72059-3f21-4d6f-992e-4cdf47319955,grime.tube,premium,23.6,23.6,medium,low,5,namesilo,,,14/08/2026 09:15
bbaa33c1-568c-4871-a6a8-3a40ba588c2c,undersea.tube,premium,23.6,23.6,high,low,8,namesilo,,,11/09/2026 00:18
122779fa-879d-4a90-a85e-46aae9336ae7,weighing.tube,premium,23.6,23.6,high,low,8,namesilo,,,17/09/2026 11:27
8e7b5f9b-f206-4c57-802c-af2ac2d48169,smutty.tube,premium,23.6,23.6,medium,low,6,namesilo,,,13/08/2026 08:53
00f763ba-1322-4f03-b6fd-bf4a48e4e7bb,superhuman.tube,premium,23.6,23.6,high,low,10,namesilo,,,11/09/2026 02:16
99a6f860-ffb9-4510-bba8-4ea5d7c7dfeb,eighty.tube,available,25.98,33.98,high,low,6,namecheap,,,
902c5ae6-0f7f-4d0b-8dfa-34ef06d5ffd9,enjoying.tube,available,25.98,33.98,high,low,8,namecheap,,,25/09/2026 21:02
ec2e7d29-2762-41b1-b724-94164cdb1775,arras.tube,premium,23.6,23.6,medium,low,5,namesilo,,,20/09/2026 08:49
a29858dc-b679-4e8f-ae01-ca50c474f6c1,unchanging.tube,premium,23.6,23.6,high,low,10,namesilo,,,12/09/2026 05:04
d5e1aea2-a90a-41b3-b19c-31ee6dc39143,pusher.tube,available,25.98,33.98,high,low,6,namecheap,,,21/09/2026 13:22
c1bbb497-ce14-4eef-a6ae-f1fd725bc8c8,abdication.tube,premium,23.6,23.6,medium,low,10,namesilo,,,16/09/2026 14:43
e2bf15d3-452c-4cac-b2ae-2c2492b21f6f,slightly.tube,premium,130,26,medium,low,8,namecheap,,,16/09/2026 02:36
e2b914b3-57d0-4950-9e74-579322c9a4d2,satisfy.tube,available,23.99,23.99,high,low,7,namesilo,,,
5b0770f0-0f3e-451b-b9a4-2bea5ee10ffc,teaspoons.tube,premium,23.6,23.6,medium,low,9,namesilo,,,19/09/2026 22:48
b08baa77-1b98-4d37-afcc-22d9c63b3c8a,skimpy.tube,premium,23.6,23.6,high,low,6,namesilo,,,10/09/2026 09:36
e069e704-aa07-4b8c-a41c-4c16dbcd4f4f,blackfoot.tube,available,25.98,33.98,high,low,9,namecheap,,,24/09/2026 02:17
b6c87249-2fd4-4f23-b1a4-eb936b59d1ee,oversized.tube,premium,23.6,23.6,high,low,9,namesilo,,,04/09/2026 19:45
04418aa7-cdc5-4156-9e9a-1da9295a8402,intently.tube,premium,23.6,23.6,medium,low,8,namesilo,,,15/09/2026 08:56
6780f0ba-d1b4-4321-8f03-a2b2a43c5f24,clinton.tube,premium,23.6,23.6,high,low,7,namesilo,,,23/09/2026 15:58
99706bbc-3625-47c2-9790-f899f9c8266d,asterism.tube,premium,23.6,23.6,high,low,8,namesilo,,,20/09/2026 17:12
619b0d4f-cfd4-4097-9aee-388c4503777e,lyrical.tube,premium,23.6,23.6,high,low,7,namesilo,,,24/08/2026 12:41
2a97bf96-23b0-4e43-8e46-7a5619a95bdd,stat.tube,premium,125,,high,low,4,name.com,,,
a0f70e51-f75c-49d4-bec9-5f2a56c58e1a,plumb.tube,premium,23.6,23.6,high,low,5,namesilo,,,12/08/2026 10:05
3fd2176c-8788-421c-acc5-768bba7b7f5b,harold.tube,available,23.99,23.99,high,low,6,namesilo,,,
a854b33d-f37e-42ee-bd5e-16df3ed0d1be,manages.tube,premium,23.6,23.6,medium,low,7,namesilo,,,25/09/2026 05:29
3511a23e-13ab-4329-8f57-94a3af01ddae,upstairs.tube,available,23.99,23.99,high,low,8,namesilo,,,
334b11ba-d642-4ebd-ab78-836dae866d2e,westwards.tube,premium,23.6,23.6,medium,low,9,namesilo,,,13/09/2026 11:02
27f796c0-5ae1-4edd-9d76-8eb450ba16cc,objector.tube,premium,23.6,23.6,medium,low,8,namesilo,,,14/08/2026 12:43
47942841-6bc0-4458-aa9d-139aba4d11f8,procedures.tube,premium,23.6,23.6,medium,low,10,namesilo,,,18/09/2026 17:33
f654585f-8777-40a0-ae6e-d54b300f53ca,squeaky.tube,premium,23.6,23.6,medium,low,7,namesilo,,,10/09/2026 00:04
0c9ba308-2505-4c56-893f-ff34c877a05b,notifiable.tube,premium,23.6,23.6,medium,low,10,namesilo,,,03/09/2026 22:10
e893d132-4561-4f7b-9259-262733be91f6,cooke.tube,premium,23.6,23.6,high,low,5,namesilo,,,18/09/2026 06:21
c53161ad-6880-4be5-a374-b78f20a0aee2,overturned.tube,premium,23.6,23.6,medium,low,10,namesilo,,,04/09/2026 21:55
a6b12f43-8688-4625-8d9c-69d9faa6aaf4,causes.tube,premium,23.6,23.6,medium,low,6,namesilo,,,27/09/2026 09:34
b4ca90fc-99c1-4202-9d1b-ff11829992fd,nonstop.tube,premium,23.6,23.6,high,low,7,namesilo,,,22/09/2026 08:07
bb587924-4d76-46c8-9f7e-0a65066b51dc,prodromal.tube,premium,23.6,23.6,medium,low,9,namesilo,,,09/09/2026 02:44
57017475-516f-4d24-8975-193457a4570a,thirteenth.tube,available,,,high,low,10,,,,
dbec6d9f-4f51-4f8a-8d7e-185df6492090,wilkes.tube,premium,23.6,23.6,medium,low,6,namesilo,,,27/09/2026 12:29
46bee785-5fea-4eb3-8980-3ee0aea5d57c,berkshire.tube,premium,23.6,23.6,high,low,9,namesilo,,,23/09/2026 09:33
2b1a92de-8fd6-4d21-8858-c9173d853912,confirmed.tube,available,25.98,33.98,high,low,9,namecheap,,,23/09/2026 19:53
454672e8-a633-4fe3-aaff-98aff47197c9,backbiter.tube,premium,23.6,23.6,medium,low,9,namesilo,,,21/09/2026 15:08
b350ba79-3db1-457e-946b-a8a5a3d5db55,hahaha.tube,available,33.98,,high,low,6,namecheap,,,
d03fb75c-53f7-4d42-9288-051252008e6b,dies.tube,premium,23.6,23.6,medium,low,4,namesilo,,,25/09/2026 16:12
c19f8eb7-3738-41ff-a048-39379cf4b912,asama.tube,premium,23.6,23.6,medium,low,5,namesilo,,,20/09/2026 12:47
be3be16c-253a-48c8-a020-940afb9421c5,hie.tube,premium,650,26,medium,low,3,namecheap,,,09/09/2026 19:49
a24a4558-1a4c-470c-b8cc-c2b76f407cf1,famed.tube,premium,23.6,23.6,high,low,5,namesilo,,,11/08/2026 23:12
eff8df65-a1a3-4dda-a1c0-87b478fb2c8d,motors.tube,resell,,,medium,low,6,"GoDaddy.com, LLC",09/04/2019 22:38,09/04/2027 22:38,26/09/2026 07:39
d4f2c1dc-c4b2-4820-ace1-6af68e3adc2e,huxley.tube,premium,23.6,23.6,high,low,6,namesilo,,,18/09/2026 04:39
144503d0-610f-4d1a-9616-e708258009ec,unsent.tube,available,25.98,33.98,medium,low,6,namecheap,,,12/09/2026 19:18
380c12cb-36ea-48c6-beda-c4b70ed10ef0,hypophysis.tube,available,25.98,33.98,high,medium,10,namecheap,,,08/09/2026 20:09
2b3e24a7-c59b-423c-ad2c-6bb17cb054c5,outsize.tube,available,25.98,33.98,high,low,7,namecheap,,,04/09/2026 19:38
ea3febc3-73e6-43d7-b87e-b4ca9761dc8f,foes.tube,premium,23.6,23.6,low,low,4,namesilo,,,18/09/2026 06:38
329cb3df-a3fa-4f8d-8986-2b1838c8463f,subsidized.tube,premium,23.6,23.6,medium,low,10,namesilo,,,11/09/2026 00:46
cc67f186-3cf0-47c1-b994-3258ba9447fa,surly.tube,premium,23.6,23.6,medium,low,5,namesilo,,,11/09/2026 04:06
4a9dfbc4-ac94-45a0-bd90-31c7daa532c3,anyplace.tube,available,25.98,33.98,medium,low,8,namecheap,,,13/09/2026 20:15
7d3fbb65-a942-464c-9ba2-78f4cc043526,mornings.tube,available,25.98,33.98,high,low,8,namecheap,,,20/09/2026 04:12
531889be-7b62-43df-9acc-f95bbe5e51d4,abstention.tube,available,25.98,33.98,medium,low,10,namecheap,,,16/09/2026 18:27
eb81b284-5b0b-495f-9ec9-9ef993143852,acned.tube,premium,23.6,23.6,low,low,5,namesilo,,,
5aedde73-fc73-4206-95cd-df006fadac22,reverend.tube,premium,23.6,23.6,high,low,8,namesilo,,,09/09/2026 16:06
496aa88d-df02-4d14-9db1-239e5ffb5553,latterly.tube,premium,23.6,23.6,medium,low,8,namesilo,,,15/09/2026 10:54
f1023ad7-a4cc-4db8-8c88-f15ab1017ee9,replied.tube,premium,23.6,23.6,medium,low,7,namesilo,,,18/09/2026 01:09
ed73812a-a1b4-45dd-9a51-5fd616b8e829,tog.tube,premium,260,26,high,low,3,namecheap,,,19/09/2026 20:00
b0d413ea-89b3-4062-aaa0-d14ffd19b9f1,accusive.tube,premium,23.6,23.6,low,low,8,namesilo,,,
ebb16e2f-044e-4a4d-94e9-e84986fcad5f,sunken.tube,premium,23.6,23.6,medium,low,6,namesilo,,,13/08/2026 22:55
45f530be-22c1-4c28-bda3-ec5cb9d5b0c0,formula.tube,premium,650,26,high,low,7,namecheap,,,03/09/2026 21:16
9e5e3540-e4a1-4760-91b7-286327422870,finer.tube,premium,23.6,23.6,high,low,5,namesilo,,,18/08/2026 04:49
dbd45a2e-88f3-4382-b15c-07b30e7a0a5a,permit.tube,premium,650,26,high,low,6,namecheap,,,24/09/2026 18:39
b4626cbc-826f-483e-aea5-3aa2f6040264,marbled.tube,premium,23.6,23.6,medium,low,7,namesilo,,,24/08/2026 15:47
8c7a46bd-3426-4702-88a2-5173b3a8588f,calla.tube,premium,23.6,23.6,high,low,5,namesilo,,,20/09/2026 12:12
1116b110-dfde-4cb3-afef-dd439ec44440,ledger.tube,premium,23.6,23.6,high,medium,6,namesilo,,,16/09/2026 23:06
d6edbaf5-3403-41e6-b6cb-8c80489dd2a3,players.tube,premium,937.5,,high,low,7,name.com,,,
f8320856-9153-4bd1-81e8-e8ba2eb88a8a,dominic.tube,premium,23.6,23.6,high,low,7,namesilo,,,27/09/2026 03:45
fa56345a-9cc4-4608-9b79-d13fcdf6fa2d,marvin.tube,available,25.98,33.98,high,low,6,namecheap,,,25/09/2026 13:38
551b4037-f746-4025-addc-8e1e2ecfafc1,costal.tube,premium,23.6,23.6,high,low,6,namesilo,,,13/08/2026 03:04
3b93a612-24de-409f-b6bf-c68003658302,falsely.tube,premium,23.6,23.6,medium,low,7,namesilo,,,14/09/2026 17:35
8a18b78c-cd9a-492f-99a5-390a3d41f230,penning.tube,premium,23.6,23.6,medium,low,7,namesilo,,,21/09/2026 05:27
28dd99ad-49f8-495d-aaf5-f805a2e14095,midlife.tube,available,23.99,23.99,high,low,8,namesilo,,,
75e2493c-9695-40de-a359-1250b0e9c3c0,eparchial.tube,premium,23.6,23.6,low,low,9,namesilo,,,17/08/2026 10:12
85cbf336-9c48-4acd-a0d1-5b2512829997,wears.tube,premium,23.6,23.6,medium,low,5,namesilo,,,17/09/2026 10:43
e493fbfc-5ffc-4dd1-8458-94d4d5a81787,solely.tube,premium,23.6,23.6,high,low,6,namesilo,,,
1be3bfd5-2e68-4859-9c17-7da6178b2b62,noise.tube,available,23.99,23.99,high,low,5,namesilo,,,
98e045e8-32fc-42d2-8124-4bd75d1dd3ba,saami.tube,available,25.98,33.98,high,medium,5,namecheap,,,09/09/2026 21:07
78558ccb-1841-4c82-b643-2a3ccbdfcec5,bassinet.tube,premium,23.6,23.6,medium,low,8,namesilo,,,22/09/2026 12:23
06ff7dd7-5893-48a6-b004-edb6947ab9d8,clarkson.tube,premium,23.6,23.6,medium,low,8,namesilo,,,27/09/2026 01:50
b3bcd3d6-7c52-44b1-bfe7-68e26c2d10f8,goosefish.tube,premium,23.6,23.6,medium,low,9,namesilo,,,18/09/2026 11:40
68c83ff4-8352-4972-9f05-d16ffb0bda16,signals.tube,premium,23.6,23.6,high,low,7,namesilo,,,27/09/2026 09:40
9e7a98bc-b5e7-4c17-b23a-e27342ebef5f,bonsai.tube,premium,23.6,23.6,high,low,6,namesilo,,,24/09/2026 06:40
82a7d4a1-9554-42bf-b13e-f513e2b61202,clawed.tube,premium,23.6,23.6,medium,low,6,namesilo,,,12/08/2026 10:02
eb6c63fc-8766-472c-b6f8-981d16c01771,hairless.tube,premium,23.6,23.6,high,low,8,namesilo,,,20/08/2026 22:13
b0501379-19db-4bf6-baec-3dbaef2a0b1d,bitterroot.tube,premium,23.6,23.6,medium,low,10,namesilo,,,23/09/2026 23:08
32a83a47-53ec-400e-a4ea-90169fdc1bce,glial.tube,premium,23.6,23.6,medium,low,5,namesilo,,,20/08/2026 14:24
128820d4-82d4-4d73-a791-df3ff17c328a,comate.tube,available,25.98,33.98,low,low,6,namecheap,,,12/08/2026 18:20
d6b0ed0c-b050-4273-a07f-c42f1c93f681,baptisia.tube,premium,23.6,23.6,medium,low,8,namesilo,,,22/09/2026 03:24
f0795563-658d-4c9e-8668-01f0a735f9e4,untied.tube,premium,23.6,23.6,high,low,6,namesilo,,,12/09/2026 05:00
5adba5c1-a007-42ab-a618-0e44fd07a9e6,kinsey.tube,available,25.98,33.98,high,low,6,namecheap,,,18/09/2026 06:26
337256fa-8fe3-4ae7-95eb-9a23cc8f687c,damaging.tube,available,34.99,34.99,medium,low,8,name.com,,,13/08/2026 16:05
dc8771ea-6cad-47d6-8e81-fea24a7c9251,unworldly.tube,available,25.98,33.98,medium,low,9,namecheap,,,12/09/2026 20:18
bc53dacb-2613-4b73-8ab4-1d3463b55e45,abscess.tube,available,25.98,33.98,medium,low,7,namecheap,,,16/09/2026 17:31
a5f213ca-2eed-4eb6-9438-94b6bbb061a6,lxxxii.tube,premium,23.6,23.6,medium,low,6,namesilo,,,
3d147c7a-8e24-4575-9dc8-cba058a93a93,sprucely.tube,premium,23.6,23.6,medium,low,8,namesilo,,,15/09/2026 15:17
9bcd965c-7af0-4ba6-9db8-14336000d730,balagan.tube,available,34.99,34.99,medium,low,7,name.com,,,21/09/2026 20:48
99e46565-e870-402f-b309-768499422e27,morning.tube,available,23.99,23.99,high,low,7,namesilo,,,
f60c0e72-9f7c-48fd-8573-4a3aee4c8ab8,amur.tube,premium,23.6,23.6,high,low,4,namesilo,,,19/09/2026 00:13
55bffa21-cd78-4ee2-8989-df096f9c574c,housebound.tube,premium,23.6,23.6,medium,low,10,namesilo,,,21/08/2026 10:56
44eb923e-91b9-4215-9041-70ca9a7cbee4,presumable.tube,premium,23.6,23.6,high,medium,10,namesilo,,,09/09/2026 01:45
b0002694-14c9-49f9-a794-89b6c87c3485,tries.tube,available,25.98,33.98,medium,low,5,namecheap,,,25/09/2026 19:53
279b1b4c-1621-41b9-b8d1-36e35c2ef62b,bai.tube,premium,650,26,high,low,3,namecheap,,,21/09/2026 18:49
225dc24b-f307-4a5c-ad50-66ee5676d347,seagoing.tube,premium,23.6,23.6,medium,low,8,namesilo,,,04/09/2026 00:24
34233892-dc01-4f7b-9d7e-649294d4e15e,changeable.tube,premium,23.6,23.6,medium,low,10,namesilo,,,12/08/2026 01:51
8d170aa8-e0c4-406a-8441-3514c026f5dd,defiled.tube,premium,23.6,23.6,medium,low,7,namesilo,,,13/08/2026 23:24
b136d44c-6f8e-4974-a49a-f196b9d1cdee,getable.tube,premium,23.6,23.6,medium,low,7,namesilo,,,18/08/2026 23:04
5e9f788c-986f-44fd-bdb2-919ddf3bea78,roasted.tube,available,33.98,,high,low,7,namecheap,,,
c6286788-3c82-4a89-85f4-88a367e03da9,posting.tube,available,23.99,23.99,high,low,7,namesilo,,,
59952754-836a-4213-a8e2-78286d5a32e8,sweetie.tube,premium,23.6,23.6,high,low,7,namesilo,,,10/09/2026 19:34
3ab1fe5b-a333-4448-b0b3-27993acf71e5,concluding.tube,premium,23.6,23.6,high,low,10,namesilo,,,19/09/2026 15:36
c2a85df4-9f5e-485c-9550-80e56eec6b04,hymie.tube,premium,23.6,23.6,high,medium,5,namesilo,,,10/09/2026 06:16
9aec9454-fe25-44d6-8071-7d8c64c2b2b6,nepali.tube,premium,23.6,23.6,high,low,6,namesilo,,,03/09/2026 15:37
325ff767-6eb5-4f4e-90f3-26a743c0c927,clipped.tube,premium,23.6,23.6,high,low,7,namesilo,,,12/08/2026 11:16
674a926a-66ad-44c5-8655-8f6a86608637,prototypic.tube,premium,23.6,23.6,medium,low,10,namesilo,,,06/08/2026 15:42
755099fb-c365-4969-81ec-8791d6dc6598,jacobs.tube,available,23.99,23.99,high,low,6,namesilo,,,
76e4ecba-ca23-432b-9758-ec192f399137,simple.tube,premium,2600,26,high,medium,6,namecheap,,,25/09/2026 15:00
9af7deb4-9f94-4769-bb32-0abcdd3ccd78,multiplex.tube,premium,23.6,23.6,high,low,9,namesilo,,,24/08/2026 15:08
24146906-3b55-4e65-a0c4-a03b1fdcc468,generously.tube,available,25.98,33.98,high,low,10,namecheap,,,14/09/2026 21:14
4f09fb5f-7975-4252-b5af-7cbafe5e7e81,accredited.tube,available,25.98,33.98,high,low,10,namecheap,,,21/09/2026 15:54
ffcbcefb-8f54-41ce-a8b3-8b40995d78ab,cxl.tube,available,,,high,low,3,,,,
5f576a5e-42c5-408a-89f7-7100f34275c8,clouds.tube,premium,23.6,23.6,high,low,6,namesilo,,,27/09/2026 09:07
bac9e442-d588-4956-ad77-6cd8a474583a,federate.tube,premium,23.6,23.6,high,low,8,namesilo,,,18/08/2026 00:36
d1bbc4ac-4d4e-4e52-992d-d87c54118877,syndicate.tube,premium,23.6,23.6,high,low,9,namesilo,,,24/09/2026 17:30
664fb34e-b772-4456-a123-c67bd8e45fe1,pissed.tube,premium,23.6,23.6,medium,low,6,namesilo,,,
5e08d7cb-014b-4ffd-8489-4b37e76df99c,auger.tube,premium,23.6,23.6,medium,low,5,namesilo,,,21/09/2026 03:19
9d5c5b9f-5ba8-4978-81de-3c3e14cc8b45,forthright.tube,premium,23.6,23.6,high,low,10,namesilo,,,11/08/2026 16:42
cb9ecb6d-fbe6-4ba8-be99-79a96ce786b1,monogenic.tube,premium,23.6,23.6,medium,low,9,namesilo,,,25/08/2026 05:13
e7de557f-6562-4363-8f35-13b789d42425,revolved.tube,available,33.98,,medium,low,8,namecheap,,,
d9d6f109-8c94-4c01-9868-a996835e19fe,commix.tube,premium,23.6,23.6,medium,low,6,namesilo,,,
c3a26c72-1189-48ef-89be-5418ef040b4f,rocklike.tube,available,25.98,33.98,medium,low,8,namecheap,,,20/08/2026 18:00
a92137cf-bb6f-4119-bd78-fb121d863cf8,laxly.tube,premium,23.6,23.6,low,low,5,namesilo,,,15/09/2026 11:08
e074e0a1-c820-4b47-8f52-205a10659b0d,thorny.tube,available,25.98,33.98,medium,low,6,namecheap,,,08/08/2026 17:55
62f46952-f7b4-4c60-a7ed-56bec7eda5f3,else.tube,premium,62.5,,high,low,4,name.com,,,
2bce217c-e4d5-4445-8ce5-38e69c156316,marduk.tube,premium,23.6,23.6,high,low,6,namesilo,,,21/09/2026 12:06
793267cd-f925-43ff-a53a-17060e255def,mirish.tube,premium,23.6,23.6,medium,low,6,namesilo,,,16/09/2026 16:36
9133f7f1-65ee-456c-8c3a-d0e016799ab9,tangle.tube,premium,23.6,23.6,high,low,6,namesilo,,,25/09/2026 17:42
567eedfe-ce6a-4daf-b337-03857d3bb255,sniffy.tube,premium,23.6,23.6,medium,low,6,namesilo,,,21/08/2026 01:27
565285c4-f6fe-4722-9560-1e8fb26f756d,wintery.tube,premium,23.6,23.6,medium,low,7,namesilo,,,13/09/2026 12:39
16a6a148-bd30-4fae-81a1-17a4628708e8,baritone.tube,premium,23.6,23.6,medium,low,8,namesilo,,,08/08/2026 19:36
32327fe0-f72b-4f0e-b798-448117f12730,lifted.tube,premium,23.6,23.6,high,low,6,namesilo,,,23/08/2026 02:39
8293fcc2-9137-46fa-aa51-fe61a46b6abf,directive.tube,premium,23.6,23.6,high,low,9,namesilo,,,14/08/2026 08:48
5838d82a-b8c9-405d-af68-1a73fc942b54,cleanly.tube,premium,23.6,23.6,high,low,7,namesilo,,,12/08/2026 10:21
bcc22283-9141-4efa-aa64-4fce76aa51e0,moi.tube,premium,468.75,,high,low,3,name.com,,,
895268d3-ffa0-4c9b-b78c-e46234d16394,quaint.tube,premium,23.6,23.6,high,low,6,namesilo,,,04/09/2026 01:55
300ae82e-4536-461b-abcc-616f96b43ad2,graphics.tube,premium,62.5,,high,low,8,name.com,,,
5fd515c1-f3e9-45d5-8ab1-eccbba6e5365,brachial.tube,premium,23.6,23.6,medium,low,8,namesilo,,,11/08/2026 00:19
2d0787ea-18ee-43c7-9be5-347f6cf99343,autocrat.tube,premium,23.6,23.6,medium,low,8,namesilo,,,21/09/2026 06:11
31f304ff-26ec-43d9-a034-4023c37d5bcf,arhant.tube,premium,23.6,23.6,medium,low,6,namesilo,,,20/09/2026 05:07
5458f914-6b08-4f37-a1ae-02a0d35a1b3b,getatable.tube,premium,23.6,23.6,medium,low,9,namesilo,,,18/08/2026 23:00
61d49d4f-c392-4831-b101-8e78effebb16,mollify.tube,premium,23.6,23.6,high,low,7,namesilo,,,18/08/2026 22:10
f3498e58-cad6-4346-a820-4d84d2e63eae,acropolis.tube,available,25.98,33.98,high,low,9,namecheap,,,17/09/2026 03:57
10c34024-c149-4a4e-b1a1-5a57ee58248f,holler.tube,available,25.98,33.98,high,low,6,namecheap,,,23/09/2026 00:27
998cb5cd-c985-4178-9704-3ba2e787faa4,wickedly.tube,premium,23.6,23.6,medium,low,8,namesilo,,,14/09/2026 16:40
d65aee72-c776-44eb-aaa3-85f9b703bee0,alderman.tube,available,25.98,33.98,medium,low,8,namecheap,,,18/09/2026 04:34
6e211b26-8fa2-48f4-973f-baefcf6d8be9,liii.tube,premium,23.6,23.6,medium,low,4,namesilo,,,
1213e046-09c2-456c-9e23-9ec2640fcd03,ain.tube,premium,62.5,34.99,high,low,3,name.com,,,
7263b548-0518-4c13-a61a-58ce6bcddd54,baldly.tube,premium,23.6,23.6,medium,low,6,namesilo,,,13/09/2026 23:11
b1f068eb-f4ee-4603-9948-1b680cc04392,lite.tube,premium,1250,34.99,high,low,4,name.com,,,11/08/2026 15:09
c21ee56f-d70c-4543-97fe-6305ea0b72a6,balthazar.tube,premium,23.6,23.6,high,low,9,namesilo,,,22/09/2026 00:14
bf17db5d-b365-45db-98c0-330b1de47701,merited.tube,premium,23.6,23.6,medium,low,7,namesilo,,,14/08/2026 03:22
bd7eda05-178c-435a-b1c7-d09b85411635,camo.tube,available,23.99,23.99,high,low,4,namesilo,,,
e5a4f617-b80a-4387-ace3-62bbec512eb6,omar.tube,premium,260,26,high,low,4,namecheap,,,25/09/2026 15:21
71ef0cb5-baf9-4f92-b663-a656eeb5ce4d,wajda.tube,premium,23.6,23.6,medium,low,5,namesilo,,,19/09/2026 05:01
d0eb980c-f646-46a8-8498-611f177a3aab,curatorial.tube,premium,23.6,23.6,high,low,10,namesilo,,,13/08/2026 11:03
a3414dcb-f3fe-4b14-b24a-6978592e83d0,marshy.tube,premium,23.6,23.6,medium,low,6,namesilo,,,10/08/2026 17:03
9596dda0-d827-4dce-aa7a-4d5eacec9594,hygienic.tube,premium,23.6,23.6,high,low,8,namesilo,,,21/08/2026 16:27
677794eb-b055-404f-841d-fde594b15f74,buster.tube,available,23.99,23.99,high,low,6,namesilo,,,
133b669c-d7eb-4a86-89a9-6b4c534a4c49,lease.tube,premium,23.6,23.6,high,low,5,namesilo,,,09/09/2026 14:19
bbc6128c-1b61-42f5-b83c-1d8af5fcef5b,positively.tube,available,25.98,33.98,high,low,10,namecheap,,,15/09/2026 21:03
24e84662-44c6-4738-b7f5-023331105e51,midget.tube,premium,23.6,23.6,high,low,6,namesilo,,,08/08/2026 14:19
e63c693b-6d96-44d1-a209-80a51fb1d889,expedition.tube,premium,62.5,,high,low,10,name.com,,,
9ccb268e-f6ac-4fb7-bb70-e1524ce1d4ed,proximo.tube,premium,23.6,23.6,medium,low,7,namesilo,,,09/09/2026 04:40
269fd9f1-a3f4-4a1c-b497-2e81da767b51,misconduct.tube,premium,23.6,23.6,medium,low,10,namesilo,,,17/09/2026 05:28
29ec458d-a72d-4386-b7d7-8b955b0c64da,levantine.tube,premium,23.6,23.6,medium,low,9,namesilo,,,23/08/2026 00:31
af0ae05b-fb94-4b61-abbd-e6683d6c1a91,pawpaw.tube,premium,23.6,23.6,high,low,6,namesilo,,,20/09/2026 14:11
60c56242-7608-4188-a25b-16bce4210a2e,saleable.tube,available,25.98,33.98,high,medium,8,namecheap,,,09/09/2026 20:51
09f36eb5-dd81-4717-9beb-47ec50752642,libertine.tube,premium,250,34.99,medium,low,9,name.com,,,13/08/2026 20:22
f3eaa755-0535-4f40-a146-38ad204608d6,ablution.tube,premium,23.6,23.6,medium,low,8,namesilo,,,16/09/2026 16:14
a35d2bee-ff54-4f51-bf52-7696c4016817,songful.tube,premium,23.6,23.6,medium,low,7,namesilo,,,11/08/2026 17:36
61818a23-e5ff-453e-86ab-0e5629553872,licensed.tube,premium,23.6,23.6,high,low,8,namesilo,,,19/09/2026 16:56
e1244d1f-5c29-4773-b894-d2796b100bfd,bounded.tube,premium,23.6,23.6,medium,low,7,namesilo,,,10/08/2026 21:52
57c195bc-bf18-451b-8924-c4c5e0e4203e,despairing.tube,premium,23.6,23.6,medium,low,10,namesilo,,,14/08/2026 03:56
14f69a8b-4dba-4595-883c-fad6a77fd8c8,droopy.tube,available,25.98,33.98,medium,low,6,namecheap,,,14/08/2026 19:43
97df9d25-9151-4128-b1ad-795e73d02f33,unafraid.tube,premium,23.6,23.6,high,low,8,namesilo,,,10/09/2026 01:28
e562ef3c-9f5b-4ee0-ba41-7ce931ca58fa,sudsy.tube,premium,23.6,23.6,medium,low,5,namesilo,,,22/08/2026 20:37
07cd0cd9-b1ff-4b81-9d18-d4731d4da5e1,seize.tube,premium,260,26,high,low,5,namecheap,,,23/09/2026 20:08
a84cf30d-7d9a-49e7-b31c-25fad69f3bb4,informer.tube,premium,23.6,23.6,high,low,8,namesilo,,,23/09/2026 11:26
176a6b98-8192-409e-9fa0-0b5f4513f560,gives.tube,premium,23.6,23.6,medium,low,5,namesilo,,,18/09/2026 13:54
015dea7f-7067-4e35-b28a-310ea92d0b72,cytolytic.tube,available,34.99,34.99,medium,low,9,name.com,,,13/08/2026 14:42
e28296cf-a8ae-4b81-b8f1-58dfc930d855,anemone.tube,available,25.98,33.98,high,low,7,namecheap,,,19/09/2026 05:19
33c7b3f4-b3cf-4abb-a339-ff9df3dcd38f,deviate.tube,premium,62.5,34.99,high,low,7,name.com,,,
fe921fe1-9aa5-4937-80f4-b17486a0390f,liquefied.tube,premium,23.6,23.6,medium,low,9,namesilo,,,23/08/2026 22:01
b9aeef96-f5fc-4506-97ff-f8ef1a2d75b3,cambrian.tube,premium,23.6,23.6,high,low,8,namesilo,,,11/08/2026 15:45
d76007fb-d22a-412d-961d-8dc4b2a3d84c,jules.tube,premium,23.6,23.6,high,low,5,namesilo,,,25/09/2026 15:01
1c60bbb6-66c0-4129-ab78-ff13b7588d90,snitcher.tube,premium,23.6,23.6,medium,low,8,namesilo,,,19/09/2026 14:14
59141d75-1942-4dfa-a92f-c53940967f38,austere.tube,premium,23.6,23.6,medium,low,7,namesilo,,,22/09/2026 13:15
7c7e7d80-83bf-45a8-bb80-29b08db83471,satellite.tube,premium,625,34.99,high,low,9,name.com,,,09/09/2026 21:34
86b7abb3-ee6d-4c28-a93b-effb8ad9f975,prink.tube,premium,23.6,23.6,medium,low,5,namesilo,,,21/09/2026 02:05
66a77c35-9735-4681-9d38-bf9e5525050f,acrimony.tube,premium,23.6,23.6,medium,low,8,namesilo,,,17/09/2026 03:09
55da2cb2-09c3-4c05-97e2-1df196ff2fa7,alcove.tube,premium,23.6,23.6,high,low,6,namesilo,,,18/09/2026 04:11
985fe013-bb2d-41d8-acb7-542698d3b557,laggard.tube,premium,23.6,23.6,medium,low,7,namesilo,,,14/08/2026 07:32
d3e006a9-f60b-4825-b1c3-77330b8a2f1e,mostly.tube,available,23.99,23.99,high,low,6,namesilo,,,
c29988f2-f029-4472-91c5-d9158e982af4,verboten.tube,premium,23.6,23.6,medium,low,8,namesilo,,,18/08/2026 11:06
32a0749c-f3bf-4e3a-a09b-6b290cd73f8e,barbet.tube,premium,23.6,23.6,medium,low,6,namesilo,,,22/09/2026 04:53
903af2f0-bd1d-405d-b854-dff5034727d7,gene.tube,premium,62.5,,high,low,4,name.com,,,
3d3623af-33d3-4da2-b7a7-d76ef5ba685e,circuit.tube,available,23.99,23.99,high,low,7,namesilo,,,
459d425c-37bf-4fa6-81ec-646d7fd2fc44,asynchrony.tube,premium,23.6,23.6,medium,low,10,namesilo,,,20/09/2026 18:41
6e6b037e-0854-4f5c-b2cf-87c841c0866f,passionately.tube,available,23.99,23.99,high,low,12,namesilo,,,
057dff6e-586c-43f7-aa24-9d6b65368e74,syncretic.tube,premium,23.6,23.6,medium,low,9,namesilo,,,11/09/2026 06:21
1d59a7e1-38a2-4fd3-abf4-460cf996b43c,cargo.tube,premium,130,26,high,low,5,namecheap,,,24/09/2026 12:56
35b37eb1-786b-41be-95d3-c71468ce82a1,grandchild.tube,available,23.99,23.99,high,low,10,namesilo,,,
cb7890b2-1c72-4263-b58f-a9623bec75fe,slovenly.tube,premium,23.6,23.6,medium,low,8,namesilo,,,18/08/2026 16:55
6d5482b7-d590-4364-86e1-f4d1f3bb23ba,patristic.tube,premium,23.6,23.6,medium,low,9,namesilo,,,08/09/2026 10:38
dda5a2ec-7d36-4c32-980f-89a1db2dea8b,telescoped.tube,premium,23.6,23.6,medium,low,10,namesilo,,,11/09/2026 10:22
d6b60115-772b-4605-888e-17a3bdb674f5,discretion.tube,premium,23.6,23.6,high,low,10,namesilo,,,24/09/2026 15:03
9736e0c6-e058-4a98-9b81-23e85ceb3e9a,spreadsheet.tube,available,23.99,23.99,high,low,11,namesilo,,,
1f5ff1da-510f-41b3-b829-16e14e1b0531,eggs.tube,available,23.99,23.99,high,low,4,namesilo,,,
2c10d823-5efd-414d-9819-21cb0da93d56,dodging.tube,premium,23.6,23.6,medium,low,7,namesilo,,,21/09/2026 09:51
6ea01f0a-ccd2-4633-abae-b6749cfce90b,sarcastic.tube,available,25.98,33.98,high,medium,9,namecheap,,,09/09/2026 21:27
cb3b7c74-3fa1-4fac-89bb-6695d87aff17,wasteful.tube,premium,23.6,23.6,medium,low,8,namesilo,,,12/09/2026 08:47
5429ae1f-4284-4dea-9582-534ee2e6709b,lustful.tube,available,25.98,33.98,medium,low,7,namecheap,,,12/08/2026 20:18
a461a5dd-2236-4af8-9731-fcb824f42519,tropic.tube,available,25.98,33.98,high,low,6,namecheap,,,11/09/2026 20:25
a2520822-f2fc-4745-93d3-2f4d8d9acacd,larboard.tube,available,25.98,33.98,medium,low,8,namecheap,,,22/08/2026 19:51
162cc24c-34d0-4938-93f8-288f4c59e6e6,cashed.tube,available,25.98,33.98,high,low,6,namecheap,,,11/08/2026 20:15
cda33b37-df99-434c-a711-0937c41940cd,recondite.tube,premium,23.6,23.6,medium,low,9,namesilo,,,
085ae683-c073-4258-b29a-f4508660aad0,vial.tube,premium,23.6,23.6,high,low,4,namesilo,,,18/09/2026 23:48
d74f6e4d-0929-4d31-b46e-5b4b9ad3243b,roll.tube,premium,125,,high,low,4,name.com,,,
8fd9ba23-4b4c-4383-b041-031b74d23130,sirach.tube,premium,23.6,23.6,medium,low,6,namesilo,,,23/09/2026 07:34
68c12174-37fd-49ec-9f6d-208e60d49038,quechua.tube,premium,23.6,23.6,high,low,7,namesilo,,,22/08/2026 15:21
739646c2-f496-492d-b6bd-521f9e8470e1,vindicator.tube,available,25.98,33.98,medium,low,10,namecheap,,,19/09/2026 18:48
a2da52c5-eda0-41e3-9edb-81ec823cfcdb,feminism.tube,available,23.99,23.99,high,low,8,namesilo,,,
dabec24a-c105-42c5-ba0e-ab7bccdcfcb4,hirsute.tube,premium,23.6,23.6,medium,low,7,namesilo,,,20/08/2026 22:11
564fd7d9-6fab-43a5-aadc-b86317850d79,tricuspid.tube,available,25.98,33.98,medium,low,9,namecheap,,,11/09/2026 19:29
82d7c7f4-69e9-4b68-9675-2a936d64e9a1,bustle.tube,premium,23.6,23.6,high,low,6,namesilo,,,17/09/2026 09:10
c8524a9f-bcd5-4ef4-845e-3995bd33a067,delicacy.tube,available,34.99,34.99,high,low,8,name.com,,,13/08/2026 15:51
06772f71-6ca4-4b4f-94cd-9337cb04129e,oklahoman.tube,premium,23.6,23.6,medium,low,9,namesilo,,,16/09/2026 05:05
19f4f69c-bf01-4e2d-b525-d7ea68651cbe,baptists.tube,premium,23.6,23.6,high,low,8,namesilo,,,22/09/2026 03:33
a843bfa6-3be7-44be-b772-cb5d5646acf4,smoked.tube,premium,23.6,23.6,medium,low,6,namesilo,,,10/09/2026 11:53
00797ac4-3df7-4698-a55c-a52204685b24,anodic.tube,premium,23.6,23.6,high,low,6,namesilo,,,
55796471-42fd-43d0-aa6b-e4fbd5888742,outspoken.tube,premium,23.6,23.6,high,low,9,namesilo,,,11/08/2026 16:45
5335bb1c-1e7c-40ed-a403-5104cdd816f0,appetizing.tube,premium,1250,34.99,high,low,10,name.com,,,06/08/2026 06:45
02630cfe-dcfe-4657-a11d-fc75d867d505,ordnance.tube,premium,23.6,23.6,high,low,8,namesilo,,,20/09/2026 11:44
2a52ddb3-6d72-4b8f-b692-81105b66d6b2,machinery.tube,available,25.98,33.98,high,low,9,namecheap,,,25/09/2026 03:53
463e5416-c003-4457-9bed-8982539bd9be,midwinter.tube,available,23.99,23.99,medium,low,10,namesilo,,,
49df300f-412f-4c83-8391-b19e0d7c7f7d,cupidity.tube,premium,23.6,23.6,medium,low,8,namesilo,,,21/09/2026 08:48
eb81d9f3-f521-40ca-9f9e-6935dfcad688,feline.tube,premium,23.6,23.6,high,low,6,namesilo,,,18/08/2026 00:53
de1c449d-c5df-48c3-ad9d-5bfbfc5d3852,ascendance.tube,premium,23.6,23.6,high,low,10,namesilo,,,20/09/2026 13:03
9231f93a-001c-426e-a487-ab492a5469c0,xxxiv.tube,premium,23.6,23.6,medium,low,5,namesilo,,,
ba992f98-1b72-4af8-99ab-0e67cf828b55,logistical.tube,premium,23.6,23.6,high,low,10,namesilo,,,24/08/2026 08:54
afb18707-51d0-45b7-8124-04f8052f62d8,ilx.tube,premium,125,34.99,medium,low,3,name.com,,,
fecc1d6f-c180-4fad-b18a-1fe64a634f6e,fright.tube,premium,23.6,23.6,high,low,6,namesilo,,,17/09/2026 14:50
7c6f1421-d067-4809-978b-51672ff74c12,vaned.tube,premium,23.6,23.6,medium,low,5,namesilo,,,13/09/2026 01:06
b1bdc7a6-04ff-44f5-bc6e-98ca532daa47,owlish.tube,premium,23.6,23.6,medium,low,6,namesilo,,,04/09/2026 22:14
89545c7b-0dfe-429a-b99f-0005da87ccd9,horrible.tube,premium,125,34.99,high,low,8,name.com,,,18/08/2026 15:44
784af378-62fa-495e-b5ce-23fc98455f95,involve.tube,available,23.99,23.99,high,low,7,namesilo,,,
c694893f-7f89-4123-bb43-661bfc4e45aa,wraps.tube,premium,23.6,23.6,medium,low,5,namesilo,,,20/09/2026 11:16
2fe069a4-23ba-4228-97e6-f54c1f2a4e26,arbitrator.tube,premium,23.6,23.6,medium,low,10,namesilo,,,20/09/2026 00:44
0bf509e3-06e3-42d9-859c-1d47b65b17fa,confuse.tube,available,23.99,23.99,high,low,7,namesilo,,,
57b73061-9e33-4363-9722-9f7bccfe3d2d,malcontent.tube,premium,23.6,23.6,medium,low,10,namesilo,,,14/08/2026 09:23
093f74ed-367e-44d9-a23b-29f276c26c6e,typo.tube,premium,23.6,23.6,high,low,4,namesilo,,,24/08/2026 07:23
0cc45b3f-6666-43d5-b3f0-5547f4f3de48,downcast.tube,premium,23.6,23.6,medium,low,8,namesilo,,,14/08/2026 17:33
25bddf11-fe9f-472c-9edb-70ed1a3980de,lingual.tube,premium,23.6,23.6,high,low,7,namesilo,,,23/08/2026 15:07
1dc85802-1820-402d-a2b7-caf6418ac43e,adventures.tube,premium,23.6,23.6,high,low,10,namesilo,,,18/09/2026 17:22
a858745b-437a-4d33-b695-21804b23d7e7,equid.tube,premium,23.6,23.6,medium,low,5,namesilo,,,17/08/2026 11:47
9597abbe-5236-4a26-a56e-9f8c56775211,ontogeny.tube,available,25.98,33.98,high,low,8,namecheap,,,20/08/2026 20:29
f78506eb-3826-4e6f-b6d5-6bf418ef8572,wife.tube,premium,125,,high,low,4,name.com,,,
c04b4031-2ab3-4e78-a2b0-e901a44f1370,exothermic.tube,premium,23.6,23.6,medium,low,10,namesilo,,,17/08/2026 17:46
07b5287e-35b0-4748-ae0a-d892d5edebdd,waterless.tube,available,25.98,33.98,medium,low,9,namecheap,,,06/08/2026 19:03
f881aa2f-906b-421f-9b5e-abcd834c1917,airstrip.tube,available,25.98,33.98,high,low,8,namecheap,,,17/09/2026 23:24
fc5b5eb3-be20-4728-8d2e-6953bde58bab,duck.tube,premium,62.5,,high,low,4,name.com,,,
eb15cfab-93f9-4ac6-aa17-339997816402,anomalous.tube,premium,23.6,23.6,high,low,9,namesilo,,,
097819df-d4e2-4117-a117-030103b7cda7,naturally.tube,available,23.99,23.99,high,low,9,namesilo,,,
cb3172b4-ae9e-4ac8-b98d-562e240a3bd7,svelte.tube,premium,23.6,23.6,high,low,6,namesilo,,,24/08/2026 01:16
1d368028-bc9f-4e47-ae6c-31d4107e9491,vague.tube,premium,23.6,23.6,high,low,5,namesilo,,,25/09/2026 23:34
8f3490d8-aeec-49c4-93cb-8eb71d8060f6,coward.tube,available,25.98,33.98,medium,low,6,namecheap,,,24/09/2026 18:55
21015282-3949-4f0e-8f4b-2ae02b557b3d,brickly.tube,premium,23.6,23.6,medium,low,7,namesilo,,,11/08/2026 03:51
35b85046-d86f-4c32-9af9-2c7646ce515c,slow.tube,premium,260,26,high,low,4,namecheap,,,23/09/2026 00:28
54a49221-0c34-4b3c-817c-d234de8cca4b,posthumous.tube,premium,23.6,23.6,medium,low,10,namesilo,,,09/09/2026 00:25
cb54b61a-9e92-4de8-a04d-16c091fadb60,balbriggan.tube,available,25.98,33.98,medium,low,10,namecheap,,,21/09/2026 21:25
3cad4958-f5da-4541-a8a6-8cbeda6d37a2,dejected.tube,premium,23.6,23.6,medium,low,8,namesilo,,,14/08/2026 00:19
da34535a-1dca-483b-8d8a-4c1fcf2de41b,drugless.tube,available,25.98,33.98,medium,low,8,namecheap,,,14/08/2026 20:11
f33a3f40-e6e7-487a-88e0-4e6e75402168,unquiet.tube,premium,23.6,23.6,medium,low,7,namesilo,,,12/09/2026 17:40
cda0d3fa-b23e-4a91-93a0-21d4c8710528,capsulize.tube,available,25.98,33.98,medium,low,9,namecheap,,,11/08/2026 18:15
19ef03f7-656a-43b9-982c-78f4cb4fbdec,gusts.tube,premium,23.6,23.6,medium,low,5,namesilo,,,20/09/2026 20:54
aea37922-7bad-412d-ac0c-259dbb27149c,sourly.tube,premium,23.6,23.6,low,low,6,namesilo,,,16/09/2026 05:40
b6ac4f4b-fa9d-4030-8ef3-1886c0d919b5,sunny.tube,premium,125,34.99,high,low,5,name.com,,,12/08/2026 03:57
33d08729-6401-45f9-8fac-125cc0105803,nightstick.tube,premium,23.6,23.6,medium,low,10,namesilo,,,23/09/2026 16:38
3a41532f-f580-46e3-be06-e22be5a2d69e,azotic.tube,premium,23.6,23.6,medium,low,6,namesilo,,,08/08/2026 02:53
adc0b774-9eb5-49d6-8233-418023288f69,various.tube,available,23.99,23.99,high,low,7,namesilo,,,
1a043a41-339c-41ac-962f-796039e94a33,rumors.tube,premium,23.6,23.6,medium,low,6,namesilo,,,27/09/2026 09:37
63095716-ea47-4114-a629-78f74ead2cd2,weary.tube,available,25.98,33.98,high,low,5,namecheap,,,22/09/2026 15:10
7c6677c6-529c-46df-a26e-9ba9f9788914,acinar.tube,premium,23.6,23.6,medium,low,6,namesilo,,,
5d302f1a-1fd3-43e8-9fc3-a36944eb3892,ostracize.tube,available,25.98,33.98,medium,low,9,namecheap,,,24/09/2026 01:58
f6bd58c9-65bf-4e49-885a-dd1506dbe9da,aggressor.tube,premium,23.6,23.6,medium,low,9,namesilo,,,17/09/2026 17:41
c497ef0a-758e-4493-bbda-3b0035103e05,eagle.tube,premium,650,26,high,low,5,namecheap,,,23/09/2026 20:02
15c8bb2b-9d74-4097-9e2c-3aeac39050c8,balthasar.tube,premium,23.6,23.6,high,low,9,namesilo,,,22/09/2026 00:15
17cd8ddd-ae98-4703-8f41-4e110d9f5330,arabia.tube,premium,23.6,23.6,high,low,6,namesilo,,,19/09/2026 23:29
9477d574-d187-4e2b-8569-e16acbd1c02a,factories.tube,available,25.98,33.98,high,low,9,namecheap,,,20/09/2026 05:09
99395307-38ea-42e5-ad50-55317480b27d,blocks.tube,premium,23.6,23.6,high,low,6,namesilo,,,17/09/2026 21:52
fdbe439b-d053-48fa-8c26-af34ec738c5b,optical.tube,premium,2600,26,high,low,7,namecheap,,,04/09/2026 00:42
86c9f203-6a39-4158-a0b8-952521664dbc,brightly.tube,premium,23.6,23.6,high,low,8,namesilo,,,11/08/2026 04:04
d5d9a1e8-fe55-40fe-aec6-06d56171f900,drugged.tube,available,25.98,33.98,medium,low,7,namecheap,,,14/08/2026 20:06
8be0052a-2425-44b6-a172-740dc7096309,rivera.tube,available,25.98,33.98,high,low,6,namecheap,,,25/09/2026 04:54
a5c4feb8-e4aa-4157-ae11-d0cce5984e54,omdurman.tube,premium,23.6,23.6,medium,low,8,namesilo,,,22/09/2026 15:32
fe8ba214-bfc4-4eb7-91ef-77ba40aa5d21,pita.tube,available,23.99,23.99,high,low,4,namesilo,,,
a0b0c5bf-9e81-4d75-8376-b482f4c42346,acoustic.tube,premium,125,34.99,high,low,8,name.com,,,
1b7916d2-958a-41c7-b031-f9a1740a8727,estival.tube,premium,23.6,23.6,medium,low,7,namesilo,,,
c7b1e8ea-0ec7-4629-8286-04eaacd08def,aviatrix.tube,premium,23.6,23.6,high,low,8,namesilo,,,17/09/2026 23:25
c6803a74-f905-455d-ad04-299c5ace73ce,basaltic.tube,premium,23.6,23.6,medium,low,8,namesilo,,,08/08/2026 21:29
9938efe1-a86b-4b6f-a7a6-dddcc2bbf9a7,pictured.tube,premium,23.6,23.6,medium,low,8,namesilo,,,14/08/2026 02:14
3233bb07-c4e5-4f6a-ad31-1725308d6a48,prudent.tube,available,25.98,33.98,high,low,7,namecheap,,,27/09/2026 07:54
f61c1b99-6ead-428b-a6c4-337f18f4dfcc,reasonless.tube,premium,23.6,23.6,medium,low,10,namesilo,,,11/08/2026 22:42
5800b673-f8ac-4b25-bbfb-94487d1a1d21,barth.tube,premium,23.6,23.6,medium,low,5,namesilo,,,22/09/2026 09:03
0730a9cf-78fc-45a7-9399-7756838af84a,vocational.tube,premium,23.6,23.6,high,low,10,namesilo,,,13/09/2026 06:29
2e3e59e3-b496-4f47-ba53-5556fa6d978c,walking.tube,available,23.99,23.99,high,low,7,namesilo,,,
c1dc5c6b-554c-4242-b224-52b070ffeac9,whip.tube,premium,62.5,,high,low,4,name.com,,,
6f78a01e-913f-4ede-9b1b-221f17715f9a,curative.tube,premium,23.6,23.6,high,low,8,namesilo,,,22/09/2026 02:19
2ab413fe-baa2-4dc1-8559-9fcdf88a218f,agitated.tube,premium,23.6,23.6,high,low,8,namesilo,,,
e55dc3d3-5d78-4217-bf06-22231a023dda,allspice.tube,premium,23.6,23.6,high,low,8,namesilo,,,18/09/2026 12:10
3d08c32b-182b-41fa-bc5a-9bae6da40bf9,stacked.tube,premium,23.6,23.6,high,low,7,namesilo,,,10/08/2026 20:37
e2c9a4cc-3cb5-45b6-b5d4-bcf97fde252d,topping.tube,premium,23.6,23.6,high,low,7,namesilo,,,11/09/2026 17:36
c6518f35-121e-4aea-8a98-ce3910fca1f7,aditya.tube,premium,23.6,23.6,high,low,6,namesilo,,,17/09/2026 08:23
d1be4486-1ca1-474b-b310-58336d44d61f,retire.tube,available,23.99,23.99,high,low,6,namesilo,,,
706f3da7-f6b1-4f6c-90ee-d9d2d38bb701,forested.tube,premium,23.6,23.6,high,low,8,namesilo,,,18/08/2026 11:43
15d8454b-c559-4455-9d27-e6bcaac48f31,footwear.tube,available,25.98,33.98,high,low,8,namecheap,,,24/09/2026 02:34
7579fc7f-1977-4db2-9163-562fdac229d7,inshore.tube,premium,23.6,23.6,medium,low,7,namesilo,,,22/08/2026 06:53
72732215-7fde-4be4-91ec-d57b093ef893,speechless.tube,premium,23.6,23.6,medium,low,10,namesilo,,,19/09/2026 16:52
4f805c3a-a3cf-4959-bc50-bcf73bf0ecf1,aphorism.tube,premium,23.6,23.6,high,low,8,namesilo,,,19/09/2026 17:09
d45aaacb-b3ea-4604-948d-be8dd02ed780,dissolve.tube,available,23.99,23.99,high,low,8,namesilo,,,
a9a5b85a-ce80-4c28-bcd4-7243a860c9d8,offsides.tube,premium,23.6,23.6,medium,low,8,namesilo,,,04/09/2026 01:40
a5cdc676-2567-4f0b-ad51-79ae73946ce0,churl.tube,premium,23.6,23.6,medium,low,5,namesilo,,,13/08/2026 05:00
b78a8421-4023-44d8-be4d-2e9a9a271edd,invitation.tube,available,23.99,23.99,high,low,10,namesilo,,,
2a49a869-eb7f-4493-bfbe-d849fc1e41c3,cantaloup.tube,premium,23.6,23.6,high,low,9,namesilo,,,24/09/2026 12:08
fa535f9e-609e-468a-8d30-d21ef1920f51,intrepid.tube,premium,260,26,high,low,8,namecheap,,,22/09/2026 12:24
376061ee-d6d2-4b7d-8bb8-040af46ffe0a,traverse.tube,premium,23.6,23.6,high,low,8,namesilo,,,13/08/2026 07:58
44529d9d-8dcd-437e-b022-0e6ba470a132,luggage.tube,available,23.99,23.99,high,low,7,namesilo,,,
02878586-9080-4cba-9875-21f7ff56b006,beating.tube,available,23.99,23.99,high,low,7,namesilo,,,
b34ffac3-616e-413f-9ef0-54b37d1ff8b2,hereto.tube,premium,23.6,23.6,medium,low,6,namesilo,,,15/09/2026 00:34
5a7d3d11-9bc6-407a-80c8-d05947b12939,casserole.tube,available,25.98,33.98,high,low,9,namecheap,,,24/09/2026 13:04
9851035d-f3cb-40d5-b777-aa641796a65e,tbsp.tube,premium,23.6,23.6,medium,low,4,namesilo,,,18/09/2026 08:20
434440a2-f959-4ff7-9bc3-f850a44171f5,apparatus.tube,available,25.98,33.98,high,low,9,namecheap,,,19/09/2026 19:49
960f0c7b-e5b1-4c0e-ae37-bda565a6120c,refundable.tube,available,23.99,23.99,high,low,10,namesilo,,,
17d29fe9-c61c-4c97-8fbd-589b6d00de2e,sleety.tube,premium,23.6,23.6,medium,low,6,namesilo,,,10/09/2026 10:41
3880393b-7827-4816-8000-937561ccbbdc,reed.tube,premium,260,26,high,low,4,namecheap,,,22/09/2026 21:42
fc2dcd8c-2e69-4831-80ff-afc7377e521a,pith.tube,premium,23.6,23.6,high,low,4,namesilo,,,14/09/2026 23:55
e0b572a8-5c54-437f-a36b-ccd258c13b0f,knowledgeable.tube,premium,23.6,23.6,high,low,13,namesilo,,,25/09/2026 05:42
71aa0f9b-a496-4e87-8d80-a1b4ea2603e0,unary.tube,premium,23.6,23.6,medium,low,5,namesilo,,,12/09/2026 01:06
f65f36a8-76cc-4610-aa29-0e014863b01e,initiate.tube,premium,125,34.99,high,low,8,name.com,,,17/08/2026 09:35
cc0c1b0e-0af2-4a14-a636-03181e35893a,attired.tube,premium,23.6,23.6,medium,low,7,namesilo,,,06/08/2026 04:47
d572cd3a-e25e-492c-8f74-cac65082250b,silvervine.tube,premium,23.6,23.6,medium,low,10,namesilo,,,17/09/2026 04:49
3afe35ba-7262-4174-b415-f713e527deb2,ringtail.tube,premium,23.6,23.6,medium,low,8,namesilo,,,22/09/2026 12:08
d56e870e-5174-4eee-86e1-69a103474afb,spaceward.tube,premium,23.6,23.6,medium,low,9,namesilo,,,16/09/2026 05:42
614a4610-7c61-4528-b1bd-8b33fbd67f90,vivacious.tube,premium,23.6,23.6,high,low,9,namesilo,,,13/09/2026 05:07
81cfe10e-9ebd-4aba-80c7-c39205ab72ec,credendum.tube,premium,23.6,23.6,medium,low,9,namesilo,,,20/09/2026 11:13
d53e2e98-66f4-4007-b09d-e32562c42d43,migrant.tube,premium,23.6,23.6,high,low,7,namesilo,,,24/08/2026 22:47
a919ea70-7153-44fd-9798-2067f3e046ae,asa.tube,premium,650,26,high,low,3,namecheap,,,25/09/2026 12:30
3257e3a8-35e1-4211-9cb9-3a6255ed5476,eggplant.tube,premium,23.6,23.6,high,low,8,namesilo,,,21/09/2026 02:30
cf4c0c30-bb9c-425b-b486-b2b22cbf9790,torture.tube,available,25.98,33.98,high,low,7,namecheap,,,11/09/2026 18:03
3fd46fe0-5a5a-468d-94a9-ca643a192654,nondrinker.tube,premium,23.6,23.6,medium,low,10,namesilo,,,
35527b5b-9be0-434d-9ed2-58a5ec3c8837,thresher.tube,available,25.98,33.98,medium,low,8,namecheap,,,18/09/2026 13:23
a3a80e7b-7a8b-4c44-8137-0de5e4c6c995,shimmery.tube,premium,23.6,23.6,high,medium,8,namesilo,,,10/09/2026 06:30
dfe56342-9928-4f29-914c-db7932653956,abor.tube,premium,23.6,23.6,medium,low,4,namesilo,,,16/09/2026 16:36
fe935dae-b66d-4a35-b54e-af82150b3d2c,nana.tube,premium,125,,high,low,4,name.com,,,
a9e7e807-9516-4f30-a94d-290f56032b91,pulmonic.tube,premium,23.6,23.6,high,medium,8,namesilo,,,09/09/2026 05:55
667e2bc5-7018-418e-af35-14181ae24d42,biosafety.tube,available,25.98,33.98,high,low,9,namecheap,,,23/09/2026 18:56
e91ed8ce-3d7e-43d9-a405-361c638f3ba0,hardheaded.tube,premium,23.6,23.6,medium,low,10,namesilo,,,21/08/2026 00:26
ce80ce33-b522-4e5f-8cd2-46c934adcd8e,lowell.tube,premium,23.6,23.6,high,low,6,namesilo,,,16/09/2026 14:32
14958f5e-911e-4fe8-b882-095eeaf0be60,finical.tube,premium,23.6,23.6,medium,low,7,namesilo,,,18/08/2026 04:56
ce43e86b-81ea-41ff-b9ef-c218ce5338de,barrage.tube,available,25.98,33.98,medium,low,7,namecheap,,,22/09/2026 07:57
2bd80574-45fb-4e8a-afe4-915ae27f8d4c,loud.tube,premium,260,26,high,low,4,namecheap,,,24/09/2026 19:25
8dc0a6cf-01d4-468e-8f4b-b2d8943113a7,abducent.tube,premium,23.6,23.6,medium,low,8,namesilo,,,
19b1e0f0-9360-496c-a207-01c9f90f4b33,burbly.tube,premium,23.6,23.6,high,low,6,namesilo,,,11/08/2026 10:14
9d6c7d9b-c59e-4990-9594-63f1a2339c9a,busily.tube,premium,23.6,23.6,medium,low,6,namesilo,,,14/09/2026 01:53
a0f56640-07e9-44e6-a218-656bb0ed2e11,nimitz.tube,premium,23.6,23.6,medium,low,6,namesilo,,,17/09/2026 08:52
d6df50de-a321-4526-b45e-3e905a37f8d2,sullivan.tube,premium,23.6,23.6,high,low,8,namesilo,,,19/09/2026 10:20
7601aacc-254c-4a81-a3b2-20a8487602b4,filaria.tube,premium,23.6,23.6,medium,low,7,namesilo,,,18/09/2026 06:14
453a6275-4d14-4a15-b15f-abbb5be213a9,andes.tube,premium,23.6,23.6,high,low,5,namesilo,,,19/09/2026 04:04
30f0abb3-0015-4585-8b54-c7076e5fa7bd,behave.tube,available,23.99,23.99,high,low,6,namesilo,,,
6a675bcc-5f8b-47be-aa40-d842dba38442,ideational.tube,available,25.98,33.98,medium,low,10,namecheap,,,12/08/2026 19:59
acaa8f9c-4aea-415d-9f31-93f38bc4b88d,jerking.tube,premium,23.6,23.6,high,low,7,namesilo,,,06/08/2026 21:58
1b247e65-e5e8-4d5f-b07d-d92ebc8ddfa8,algerie.tube,premium,23.6,23.6,high,low,7,namesilo,,,18/09/2026 06:58
030b9723-daf2-42e3-9c08-82feb4684298,appearance.tube,premium,125,34.99,high,low,10,name.com,,,08/09/2026 12:55
905a63dc-0b09-4400-86c1-6deba4d37ea9,lacy.tube,premium,625,34.99,high,low,4,name.com,,,22/08/2026 17:47
fb430e61-bf79-4d95-9a65-0711322778d0,impromptu.tube,available,25.98,33.98,high,low,9,namecheap,,,
ae5190fb-166b-45bb-b6d4-053115b37b53,vampire.tube,premium,125,,high,low,7,name.com,,,
57e2928f-2e6e-4012-8364-544c5122c130,cognate.tube,premium,23.6,23.6,high,low,7,namesilo,,,10/08/2026 15:14
ec5a4c85-b639-467f-93ec-b606ee86c9f7,hollows.tube,premium,23.6,23.6,low,low,7,namesilo,,,20/09/2026 18:42
731333f2-8206-4cc7-aa2c-e179c844e90b,slicker.tube,available,25.98,33.98,medium,low,7,namecheap,,,23/09/2026 02:58
a8d5d643-7cd2-46bc-8458-2d1953cdefcb,capillary.tube,available,25.98,33.98,high,low,9,namecheap,,,11/08/2026 17:53
07946d87-065b-4d66-aace-7d0faca78a77,inflatable.tube,premium,1250,34.99,high,low,10,name.com,,,22/08/2026 04:29
c3c0b4b7-0c6b-44ba-9f93-c520624f5d6d,hopes.tube,available,25.98,33.98,high,low,5,namecheap,,,25/09/2026 19:44
a7e9761b-405d-4ec3-a34e-4ff0e6a9e390,uplifted.tube,premium,23.6,23.6,high,low,8,namesilo,,,12/09/2026 23:11
bbcd70c6-94cc-4c0d-ac89-8068230a5828,shells.tube,available,25.98,33.98,high,low,6,namecheap,,,19/09/2026 01:23
2599b7d0-b306-4c3d-9538-5b2092897a02,foursome.tube,premium,125,34.99,high,low,8,name.com,,,
eda6e5e5-0949-461c-987c-adcf1007b653,stem.tube,premium,250,34.99,high,low,4,name.com,,,18/08/2026 11:29
bebf9029-24aa-48dd-b2c7-2d23ebca0c3f,sabbatic.tube,premium,23.6,23.6,medium,low,8,namesilo,,,09/09/2026 20:32
2d1fdc7d-a130-4477-b061-40d4c858e406,trim.tube,premium,250,34.99,high,low,4,name.com,,,12/08/2026 10:14
00c8de62-0a8c-471b-8256-94828a47eecc,journey.tube,premium,62.5,,high,low,7,name.com,,,
e9163d6e-7485-4a76-8dab-c01cdbd969ad,ashe.tube,premium,23.6,23.6,high,low,4,namesilo,,,20/09/2026 10:46
fc9dd99e-bc68-49f5-951d-369cceb305a6,alas.tube,premium,23.6,23.6,high,low,4,namesilo,,,13/09/2026 18:37
12417ee3-6817-41f2-881f-55ed538dc3ad,mouth.tube,premium,650,26,high,low,5,namecheap,,,08/09/2026 03:51
d97f3344-9649-464d-a69b-aad1aabb5376,vaporing.tube,premium,23.6,23.6,medium,low,8,namesilo,,,11/08/2026 00:58
5004fdff-b44e-4f63-892b-f7e782d21ef7,chichi.tube,premium,250,34.99,high,low,6,name.com,,,12/08/2026 04:46
0b72929f-4668-4b66-87d6-f5485042edeb,aquamarine.tube,premium,23.6,23.6,high,low,10,namesilo,,,19/09/2026 22:49
cd0022e2-fa8c-47a3-b0c9-046a3ab59d0d,corey.tube,premium,23.6,23.6,high,low,5,namesilo,,,26/09/2026 03:27
3411b9e5-d3ad-4130-b8d1-f62ca041c10b,belongings.tube,premium,23.6,23.6,high,low,10,namesilo,,,23/09/2026 06:56
b664ab93-7363-4375-a1ae-d9f501d7ad55,planets.tube,premium,23.6,23.6,high,low,7,namesilo,,,18/09/2026 11:12
795ca1f6-cec5-4b75-bf3e-0ede3f5e2972,medusa.tube,available,25.98,33.98,high,low,6,namecheap,,,24/08/2026 19:13
040402b0-c383-4f7c-ba5f-0d78b8bcd4dc,patently.tube,available,25.98,33.98,medium,low,8,namecheap,,,08/09/2026 20:24
6ae9c58a-7eda-404c-84db-bbf576d39e57,offprint.tube,premium,23.6,23.6,medium,low,8,namesilo,,,10/09/2026 03:57
f2190937-726f-42f3-8581-c125a0740aa1,locomotive.tube,premium,23.6,23.6,high,low,10,namesilo,,,24/08/2026 08:48
49108354-f975-4779-8ca2-09999acf1bef,lamentably.tube,premium,23.6,23.6,low,low,10,namesilo,,,14/09/2026 11:50
9a3738eb-2538-4a96-a0fc-d5e344c340e5,ryan.tube,premium,280,28,high,medium,4,namecheap,,,
44566f91-3710-43aa-94af-6dd236c81115,maleficent.tube,premium,23.6,23.6,medium,low,10,namesilo,,,24/08/2026 13:58
f77f0219-e4a5-40ad-aa07-2e7e15ad0c0c,burial.tube,premium,23.6,23.6,medium,low,6,namesilo,,,24/09/2026 11:18
99c9ce99-cc6e-45aa-98ea-dda5ae71e471,informing.tube,available,23.99,23.99,high,low,9,namesilo,,,
bde68588-6f18-43da-90fd-698f035244be,notable.tube,premium,23.6,23.6,high,medium,7,namesilo,,,11/08/2026 23:15
404f8696-a757-4751-acca-0b6246dbd4c7,worthy.tube,available,23.99,23.99,high,low,6,namesilo,,,
49d556f2-c9e1-4681-8a65-d06465ad322c,pestering.tube,premium,23.6,23.6,medium,low,9,namesilo,,,
a9ecf74c-06f5-42dd-89b1-490dd78e9f95,potbound.tube,premium,23.6,23.6,medium,low,8,namesilo,,,09/09/2026 00:44
1eb42ec5-79c5-4381-98c1-fd04dff78d6e,bygone.tube,premium,23.6,23.6,medium,low,6,namesilo,,,11/08/2026 12:06
0d954911-32b4-406c-8fc9-37cf528b85f4,macdonald.tube,premium,260,26,high,low,9,namecheap,,,25/09/2026 15:47
39c62a78-b646-41b2-a763-dfa7b51afd12,tantalize.tube,available,25.98,33.98,medium,low,9,namecheap,,,21/09/2026 19:52
162e8ce0-bd7d-4315-b340-6c4dd86d218f,opulent.tube,premium,23.6,23.6,high,low,7,namesilo,,,14/08/2026 00:58
12f327e9-0735-4224-87cb-38c8373c4f65,elsie.tube,available,25.98,33.98,high,low,5,namecheap,,,27/09/2026 07:34
75abf40f-8b82-45f4-a041-417dfeee9084,alkalic.tube,premium,23.6,23.6,medium,low,7,namesilo,,,
40e82ade-eb40-46b0-b1ea-2c4688f56f75,coleman.tube,premium,23.6,23.6,high,low,7,namesilo,,,25/09/2026 15:48
504a7ea4-348b-49ba-8d03-6182409920b4,auvergne.tube,premium,23.6,23.6,medium,low,8,namesilo,,,21/09/2026 08:32
d7585e4c-473b-47e4-8ebb-63f338066774,freeborn.tube,premium,23.6,23.6,medium,low,8,namesilo,,,18/08/2026 14:53
e0c9e620-f718-4112-bf76-164e7385fe09,riskily.tube,premium,23.6,23.6,low,low,7,namesilo,,,15/09/2026 23:50
ff1df484-bbe8-4edb-8ed0-8e3480f4371a,shallow.tube,available,23.99,23.99,high,low,7,namesilo,,,
4019602a-5deb-45f8-ab3e-773521c26864,salient.tube,premium,23.6,23.6,high,low,7,namesilo,,,09/09/2026 03:09
10d755cc-e8ca-417c-b3f7-a0b439975580,emergent.tube,premium,23.6,23.6,high,low,8,namesilo,,,16/08/2026 14:17
744c689f-4c22-4585-8085-14d4c8ba02e2,diversion.tube,premium,23.6,23.6,high,low,9,namesilo,,,24/09/2026 23:18
90ebabe4-fec5-4521-9816-c6e38984cd47,matte.tube,available,25.98,33.98,high,low,5,namecheap,,,25/09/2026 17:39
7519def3-f2c7-4fbe-87eb-f3054ec51672,enchant.tube,premium,23.6,23.6,high,low,7,namesilo,,,21/08/2026 07:46
f0b8bc25-6ab2-451f-8aba-d62002ff8a48,gloved.tube,premium,23.6,23.6,high,low,6,namesilo,,,20/08/2026 14:52
f3e7d944-20f8-486f-9c7b-e6dadaf1389e,pan.tube,premium,468.75,,high,low,3,name.com,,,
b88c06de-8bfb-49f3-8df9-20aedff120d6,beaut.tube,available,25.98,33.98,high,low,5,namecheap,,,22/09/2026 22:16
d3f9ff58-f336-461a-a5e4-d74ef41655b1,flummox.tube,premium,23.6,23.6,medium,low,7,namesilo,,,21/09/2026 17:31
371388a5-b235-4ddb-b424-1066d411a41a,snug.tube,premium,23.6,23.6,high,low,4,namesilo,,,12/08/2026 12:11
664ab447-5eeb-44b9-a7e5-fa6a0fcb2cbe,strain.tube,available,23.99,23.99,medium,low,6,namesilo,,,
f5fcbe58-7b19-4ad4-9571-548657bdc307,implied.tube,available,23.99,23.99,high,low,7,namesilo,,,
a23d06a3-847c-4ef7-9e2e-2a4ef931c23f,rhodesian.tube,premium,23.6,23.6,high,low,9,namesilo,,,09/09/2026 16:41
51d78070-ab52-4fa3-8fb3-a9e58e7a8af2,axilla.tube,premium,23.6,23.6,medium,low,6,namesilo,,,20/09/2026 07:40
9519ed5b-8968-45ac-9191-9031b11ee636,jonson.tube,premium,23.6,23.6,high,low,6,namesilo,,,23/09/2026 07:26
140c5abc-0837-483d-bd96-111c9fcce873,wanton.tube,premium,625,34.99,medium,low,6,name.com,,,25/08/2026 07:57
9ab5cb4d-1ca5-4fe1-abcc-ccb6240f49ec,bawdyhouse.tube,available,25.98,33.98,medium,low,10,namecheap,,,21/09/2026 18:21
50fec4c7-3808-4c69-b03a-6d6af5c87d84,aten.tube,available,25.98,33.98,medium,low,4,namecheap,,,20/09/2026 20:04
2498e445-bb50-4fb0-8b4e-86b237594c5e,unsightly.tube,available,25.98,33.98,medium,low,9,namecheap,,,12/09/2026 19:53
28b0fbb3-f512-4da3-b0ec-c7a9bb6fe7ac,sharps.tube,available,25.98,33.98,medium,low,6,namecheap,,,20/09/2026 09:14
b4e726dc-bc4e-4e8b-832f-eaba6a722329,bettering.tube,available,25.98,33.98,high,low,9,namecheap,,,09/08/2026 18:11
27e765b3-efac-4a17-8768-179fe4a18899,anuria.tube,premium,23.6,23.6,medium,low,6,namesilo,,,19/09/2026 15:55
a72658ec-2903-4779-ade2-aaeb72d66c08,mirrored.tube,premium,23.6,23.6,high,low,8,namesilo,,,25/08/2026 01:11
1db38d48-74e8-435b-a142-cc9124acb145,tuesdays.tube,available,33.98,,high,low,8,namecheap,,,
144b0faa-c05e-4dfd-aeee-8877bdb98150,hardly.tube,available,33.98,,high,low,6,namecheap,,,
aa2d18af-b012-41cb-9513-da9c784aa1db,authorial.tube,premium,23.6,23.6,medium,low,9,namesilo,,,07/08/2026 16:19
89691cb6-2d37-40be-ada9-41f4fea16552,ebony.tube,premium,2500,34.99,high,low,5,name.com,,,14/08/2026 23:09
4bc98a1e-5cee-444d-9d5c-ed1daa04b901,filipino.tube,premium,1250,34.99,high,low,8,name.com,,,18/08/2026 04:19
0e89c990-1f05-455d-9848-8a3075c5d29e,kamikaze.tube,available,23.99,23.99,medium,low,8,namesilo,,,
09903b4e-421e-4762-b2ca-9f93dbed3530,filling.tube,premium,23.6,23.6,high,low,7,namesilo,,,25/09/2026 22:48
f98f5667-2489-45f9-a24c-bcde2b6082c8,closest.tube,available,23.99,23.99,high,low,7,namesilo,,,
6fb09731-4e84-4d13-89e7-0bc44467bbbe,parliamentary.tube,available,23.99,23.99,medium,low,13,namesilo,,,
cfd77c7e-5078-4c2a-81b4-0fa871a26c16,freewill.tube,premium,23.6,23.6,high,low,8,namesilo,,,18/08/2026 15:00
960611c1-87f3-4821-b822-7237acb987cd,wroth.tube,premium,23.6,23.6,medium,low,5,namesilo,,,13/09/2026 13:38
5f14d467-3b27-4f17-b927-7831604422e2,soundbar.tube,available,23.99,23.99,high,low,8,namesilo,,,
3056ab8d-8724-411d-825d-2fe936939820,blacksnake.tube,premium,23.6,23.6,medium,low,10,namesilo,,,24/09/2026 01:28
04a734b7-ff39-4005-a7f5-8e4ea5b17dd0,rand.tube,premium,23.6,23.6,high,low,4,namesilo,,,21/09/2026 10:39
bbfefba8-a878-467f-82ff-e27ad52ada54,lights.tube,available,23.99,23.99,high,low,6,namesilo,,,
97102b6c-be3f-4364-996b-1219f2580900,psychical.tube,premium,23.6,23.6,medium,low,9,namesilo,,,09/09/2026 05:07
9c1090e7-4d56-42de-9989-12f035d921e1,revisions.tube,premium,23.6,23.6,medium,low,9,namesilo,,,20/09/2026 05:28
072e02a3-9a21-4bdc-9b0e-061c50387335,snugly.tube,premium,23.6,23.6,medium,low,6,namesilo,,,16/09/2026 03:31
3e61630d-8ddb-4961-9b89-aae3cf725ed6,syndetic.tube,premium,23.6,23.6,medium,low,8,namesilo,,,11/09/2026 06:23
01f906d2-5dc6-4c6f-8963-2deb9eaa4821,sanguine.tube,available,25.98,33.98,high,medium,8,namecheap,,,09/09/2026 19:18
452e276c-303d-4a88-a9d6-4007a3059d89,armful.tube,available,25.98,33.98,medium,low,6,namecheap,,,20/09/2026 06:50
1716e02e-1956-46be-bd10-20209ed69d16,mannered.tube,premium,23.6,23.6,medium,low,8,namesilo,,,24/08/2026 15:18
7b37c229-6d9a-47fb-9406-d7e9662fb361,chartered.tube,premium,23.6,23.6,high,low,9,namesilo,,,12/08/2026 02:47
e9539912-6c30-4a64-a27d-78ce464bfdab,err.tube,premium,125,,high,low,3,name.com,,,
ba85ee3a-ab2a-47a2-b77c-d6567f48d5a9,piquant.tube,premium,23.6,23.6,high,low,7,namesilo,,,17/08/2026 07:38
67bc5739-6a1e-4a0e-9d76-f234755aaedc,routinely.tube,premium,125,34.99,medium,low,9,name.com,,,16/09/2026 00:11
4f66f72f-caf5-4f47-b297-bbded7da0f5c,humbled.tube,premium,23.6,23.6,high,low,7,namesilo,,,21/08/2026 15:00
62e64f15-5ce8-4534-8396-3b2b758b2dec,snowed.tube,available,34.99,34.99,medium,low,6,name.com,,,20/09/2026 16:23
19c9741b-513e-4dcf-bb81-ff5d2d70f310,sachs.tube,available,25.98,33.98,medium,low,5,namecheap,,,27/09/2026 01:53
d1be8280-7d67-4fc2-a121-7cf35022e131,multipurpose.tube,available,23.99,23.99,medium,low,13,namesilo,,,
a244b2e5-638c-401d-a7a2-e6451d54027d,ellipse.tube,available,25.98,33.98,high,low,7,namecheap,,,04/09/2026 19:52
98201533-f8c4-4cf5-89f0-4844099268a7,ashy.tube,premium,23.6,23.6,high,low,4,namesilo,,,07/08/2026 02:04
2368dbea-6848-441f-9c87-c5460de2ee77,irrelevant.tube,premium,23.6,23.6,high,low,10,namesilo,,,25/09/2026 11:28
4aa07ade-7ec2-4ae8-95a8-35da1c8306f1,buttons.tube,available,23.99,23.99,high,low,7,namesilo,,,
9e4399c8-297a-4544-8dc3-1fbb2712b5bb,emollient.tube,premium,23.6,23.6,medium,low,9,namesilo,,,14/08/2026 01:39
22f23a31-397b-4da0-bb64-e79f59d1a5d4,waken.tube,premium,23.6,23.6,high,low,5,namesilo,,,08/08/2026 00:08
829df3cb-562d-4764-a458-78f8ff41ad22,rossi.tube,premium,23.6,23.6,high,low,5,namesilo,,,27/09/2026 01:41
46e3adaa-e4d3-40fd-9266-6707fae30639,saucer.tube,available,23.99,23.99,high,low,6,namesilo,,,
d0a788fd-a04a-4507-b648-973e28e756e7,momentary.tube,premium,23.6,23.6,medium,low,9,namesilo,,,18/08/2026 07:54
9e4e8bba-25f5-411e-870b-bdce710fa32e,probative.tube,premium,23.6,23.6,medium,low,9,namesilo,,,09/09/2026 02:27
8967d99d-f564-4b56-b9f6-e9b014c77ef2,hormonal.tube,premium,23.6,23.6,medium,low,8,namesilo,,,21/08/2026 14:02
b78badf5-4697-47d4-8be5-9d9e4f6b3ca0,appraised.tube,available,34.99,34.99,medium,low,9,name.com,,,18/09/2026 22:16
c47748a5-bc80-4a8d-a18c-efe2ab6b1f90,publicity.tube,premium,62.5,,high,low,9,name.com,,,
0f8dc7b2-a542-4996-b734-6f625b5ec7e9,tousled.tube,premium,23.6,23.6,medium,low,7,namesilo,,,14/08/2026 11:02
353ae56f-906c-4d61-8722-85835ee2ae9d,unguided.tube,premium,23.6,23.6,medium,low,8,namesilo,,,12/09/2026 11:41
979c13dd-ce09-42bf-b4b6-1e75afc8fd01,makeover.tube,available,23.99,23.99,high,low,9,namesilo,,,
80e667e5-b5c7-46ba-8dc9-3769a8f03e15,belting.tube,premium,23.6,23.6,high,low,7,namesilo,,,23/09/2026 07:06
3b5c710a-0230-4b49-9faf-34b82bdff557,ideal.tube,premium,260,26,high,low,5,namecheap,,,25/09/2026 07:17
ca9025ef-0834-4b2e-a80a-97cfdd3a6df6,akha.tube,premium,23.6,23.6,medium,low,4,namesilo,,,17/09/2026 23:55